﻿time,comment
3 hours ago,ummmm buy $4
8 hours ago,"this thing still has 18B valuation, wow!"
9 hours ago,$6 
9 hours ago,Wow they should change the word investment to gambling because thats sadly literally what it is with this generation!! So sad what the generation has turned this world into
12 hours ago,Short since 17$ ! Target 4$
"Feb 22, 2023, 08:56",you'll nevr get your money Back. sry but its the truth
"Feb 17, 2023, 16:03",https://investorplace.com/2023/02/blackrock-is-betting-big-on-lucid-motors-lcid-stock/
"Feb 17, 2023, 15:56",buy below 5$
"Feb 17, 2023, 15:56",buy at 5$
"Feb 16, 2023, 16:18",15. next stop. 
"Feb 16, 2023, 06:19",go....11.70 next
"Feb 12, 2023, 02:16",It will go back to 8 dollars before it goes up to 22$ on the short run 
"Feb 11, 2023, 08:23",9.75 soon
"Feb 11, 2023, 03:17",Coming back up in Pre Market
"Feb 10, 2023, 12:48",15 by next week
"Feb 10, 2023, 10:42",1$ by EOY
"Feb 10, 2023, 10:12",10% dropppppp
"Feb 09, 2023, 13:35",don't follow rumor..and use it to buy stock. Saudi not buying...
"Feb 08, 2023, 09:16",Buy too ! 7500 share and all in ! 
"Feb 08, 2023, 09:13",Buy ! Buy ! and Hold 3 years ! 👍👍👍Give me 150 USD 
"Feb 01, 2023, 08:14",t
"Feb 01, 2023, 06:03",was it rumor that Saudi woukd buy lucid?
"Feb 01, 2023, 24:48",100 usd in 2025
"Jan 31, 2023, 08:23",20 bucks by June
"Jan 31, 2023, 08:05",who said this is rumors?
,rumors are legal practices on wall street 
"Jan 31, 2023, 04:45",How many times we ‘ve seen this movie ? Today this will be the range 11.5 - 13$ but 5$ is coming don’t worry ! What a chance to short we had last friday ! Thanks to meme guys i bookd already 400k $ 
"Jan 31, 2023, 04:37",Back to 9
"Jan 31, 2023, 01:36",can't wait to celebrate my profits from longing this bad boy
"Jan 31, 2023, 01:36",15 dollar today
"Jan 30, 2023, 23:05",When mrkt dosen’t allowed retail to short we all know what’s next ! Bellow 10 $ today
"Jan 30, 2023, 10:12","On Monday, there will probably still be a few short sellers covering some calls, the stock may have another volatile day, depending on if the Saudis real intentions are revealed."
"Jan 28, 2023, 16:54",made selling my covered calls today an easy bonus- base cost is now 2.31 
"Jan 28, 2023, 13:22",the Saudis made up the rumor to make the stock go higher so they can unload themselves it's all legal when you're in Saudi Arabia
"Jan 28, 2023, 09:42",this is going to 11 before close 
"Jan 28, 2023, 09:41",HAHAHAHA the best switch and bate in history 
"Jan 28, 2023, 09:38",Shorting Lcid is not advised.  price spike with massive volume.  weekly MACD crosses over to bullish sentiment.  not good for bears.  just my opinion.
"Jan 28, 2023, 09:34",next week 20 😁
"Jan 28, 2023, 09:26",Now all in Polestar 😎😎😎
"Jan 28, 2023, 09:12","I got lucky able to sell it 17.80, in less than mins cushion, then it halted again"
"Jan 28, 2023, 08:41",Fib 50 percent pull back to $12 is expected and $11.25 is possible.  Monday will be fun. GLTA
"Jan 28, 2023, 08:19",Back to 5 $ next week
"Jan 28, 2023, 08:13",Why Market is closed for lucid trading?! 
"Jan 28, 2023, 08:04",In case they are sold 100% to the Saudis are they going private...?
"Jan 28, 2023, 08:01","Here come the fall, congrats to the bag holders, hopefully you're not still holding "
"Jan 28, 2023, 07:57",??? 97% up ???
"Jan 28, 2023, 07:52",Saudis are buying... (rumors) 
"Jan 28, 2023, 07:51",uh am I missing something?
"Jan 28, 2023, 07:50",This is hilarious 🤣🤣🤣
"Jan 28, 2023, 07:49",100% in a day. I just closed long yesterday  😬😬
"Jan 28, 2023, 07:38","Stay away from this, you will get burned. At least today. "
"Jan 28, 2023, 07:33",PIF BUYOUT? No more LCID as a stock?
"Jan 28, 2023, 07:32",Last time checked who can afford one?
"Jan 28, 2023, 07:19",Now that's a massive short squeeze! 
"Jan 28, 2023, 07:08",Next Target is 15.49.
"Jan 28, 2023, 07:07","LCID has turned bullish on longterm.  Days of $6s are gone.  It's buy the dip on LCID not Sell the rip.  not saying you can't make money shorting it, but it is a much easier trade buying the dip.  Just my opinion GLTA"
"Jan 28, 2023, 06:58",Rising - Why??
"Jan 28, 2023, 06:44",Buy Polestar now…
"Jan 24, 2023, 14:15",this garbage company is going bankrupt soon so many better EV cars out there when the Bentley and Rolls-Royce Phantom electric comes out that will put the nail in the coffin for lucid
"Jan 19, 2023, 01:30",Will this follow Tesla?
"Jan 14, 2023, 03:12",Jeez how bloated these meme stocks were...and still are lmao..im sure peeps backs are aching carrying this heavy bags woah
"Jan 10, 2023, 23:57",33 by Q3
"Jan 04, 2023, 22:24",Do you think lucid will become a well-known brand? Can this car brand take its place in the world like Tesla?
"Jan 04, 2023, 11:31","very weak , short to 5$"
"Jan 04, 2023, 11:19",What happen to this stock? 
"Jan 04, 2023, 07:21","weak stock,short to 5."
"Jan 04, 2023, 06:48",2 Trillion dollar spending bill passed and will go to green energy everything 
"Dec 30, 2022, 13:39",This company fundamental strong or not? Will bankruptcy? 
"Dec 29, 2022, 12:23",to buy tomorrow ?
"Dec 29, 2022, 05:21","100,000 vehicles for the now sustainably-minded Saudi Arabian government under a 10-year agreement. (The kingdom’s Public Investment Fund has put more than $1 billion into Lucid Motors, which is setting up its first international production company there.) "
"Dec 23, 2022, 05:20",1$ before chapter 11
"Dec 18, 2022, 17:20",3.8 soon next year
"Dec 17, 2022, 02:56","Guys, am new in stock trading, do you advice to trade through investing.com, is it trust worth?"
"Dec 15, 2022, 04:03","I'm assuming Saudi Arabia took their money and ran, but they'll buy back, since the stock is setting at 60% lower than the IPO"
"Dec 15, 2022, 04:03",$3 
,If this not a good buy i dont know what is !!!! Lcid is for the long term and yes we will touch 75-80 within a year glta :) 
"Dec 13, 2022, 17:28",Ypu guys are so pathetic with your stupid comments!!
"Dec 13, 2022, 08:05",1$ next year before chapter 11
"Dec 11, 2022, 08:15",game over ? 🤔
"Dec 08, 2022, 04:34",Wait tell 3$ soon 
"Dec 01, 2022, 23:44",any good news from the insider?
"Dec 01, 2022, 06:25",It’s worth 5$ 
"Nov 30, 2022, 10:33",1$ next year
"Nov 30, 2022, 04:24",Hi everyone is it today good time to buy LCID?
"Nov 24, 2022, 06:47",BACK TO NAV
"Nov 22, 2022, 20:12","by the end of the year, the exchange rate is 7-9 dollars , unfortunately"
"Nov 20, 2022, 06:34",All in too easy 100 eom
"Nov 17, 2022, 05:35",Good luck
"Nov 12, 2022, 05:10",Good time to buy should go up in jan
"Nov 10, 2022, 12:09",They has many cash. Good time to buy it
"Nov 10, 2022, 04:47",2$ next year … easiest posible short … i am from 40$ so i don’t care if it’s 2or 4$
"Nov 10, 2022, 24:11",Huge dilution is coming
"Nov 09, 2022, 11:10",Finnally this trash is going bellow 10$ hopefully ! Anyway more shorts even from here 
"Oct 19, 2022, 01:30",$80 next year
"Oct 15, 2022, 08:48",2$ next year
"Oct 13, 2022, 05:46","We are at war with Russia, are you blind, everyday negative info dropped like bombs on the stock market "
"Oct 12, 2022, 10:19",Bankrupt soon
"Oct 07, 2022, 02:28",what is going on with this stock?
"Oct 05, 2022, 15:48","Q3 earnings coming soon, pop to $30 "
"Oct 03, 2022, 20:50",I would wait for 5-6$ to buy
"Sep 23, 2022, 06:17",when it drops to 10 buy
"Sep 07, 2022, 18:46",marenit
"Aug 31, 2022, 07:33",It will all be back up shortly. LCID the only real competition for Tsla and the only company that Appl can acq and be relevant in the EV car market. 3x your money by the end of the year or sell now and lose. Up to you! 
"Aug 31, 2022, 24:35",Huge wave dilution is coming lol
"Aug 31, 2022, 24:29",investor confidence = 0
"Aug 31, 2022, 24:05",LCID short  !!! 12-14 usd
"Aug 30, 2022, 21:52",we will c 9 sooon 
"Aug 23, 2022, 05:13",15?:)
"Aug 19, 2022, 13:55",10 years tesla
"Aug 11, 2022, 20:43","theyr car is not appealing, needs a new styling."
"Aug 11, 2022, 01:45",Pool this is reseccion
"Aug 10, 2022, 05:37",$9 
"Aug 10, 2022, 02:55",And there it is as I called. Scale in. Dollar cost average. 
"Aug 09, 2022, 14:15",Stealth option looks amazing. 
"Aug 06, 2022, 06:37",Like stated yesterday. Broke into 17 ****** I say morning dip closer to $17 Mon-Wed. Good place to start 1/3 position. 
"Aug 05, 2022, 20:52",Lets start going up again.. It is good to collect more.. 
"Aug 05, 2022, 11:05",Profit taking Friday?!
"Aug 05, 2022, 05:43","With all bad news yesterday, it is only 10% down. What if they have good news next Qs ? Where will fly?"
"Aug 05, 2022, 05:05",My perspective is big shorts are covering. Retail is buying what they think is the bottom. Big shorts are reloading to push this down to $17 and take out stop losses. Certainly anyone’s guess. Or this could behaving like PLUG and will just head up to $23 in the next few weeks. Buy half now. Half in a month. Leap calls. 
"Aug 05, 2022, 03:01",Lucid apple partnership possible?
"Aug 05, 2022, 02:56","The not-ready-for-prime-time company...trouble getting parts to where they need to go on the assembly line, &quot;still learning&quot; the manufacturing process, this all just comes out now after the company's been public all this time...glad I didn't own much before this bomb shell of an earnings report, dumping all my shares of this bozo company! "
"Aug 05, 2022, 02:18",only 10% down?  that means that some people buy it at 30+ billion dollars.    I guess people don't actually read the earnings reports. good luck on your other investments.
"Aug 04, 2022, 21:30",TRASH Tesla-wannabe lol
"Aug 04, 2022, 20:22",33-34b market cap for a company producing less than a thousand cars in a quarter. What a joke.
"Aug 04, 2022, 14:55","Why the sell-off after hours, "
,"Told ya to beware that fake pump. Still holding, will add more below $17"
"Aug 04, 2022, 08:38",It is a good xompany. They habe pletny of cash to cover them in caee of recall or a downturn. 
"Aug 04, 2022, 08:29",I'm glad I sold mine today🍻
"Aug 04, 2022, 08:20",One big recall will bankrupt this t u r d easy.
"Aug 04, 2022, 08:19",They cut production targets to 6-7K for the year. 50% cut and they have only made 1395 cars in the first half so it doesn't look like they are even going to hit those reduced targets. They do have plenty of excuses though.
"Aug 04, 2022, 08:11",Going down 
"Aug 04, 2022, 06:43",Slightly higher than expectations 
"Aug 04, 2022, 06:35","what say you about earnings result, up or down?"
"Aug 04, 2022, 04:22","I, PIF expects the actual production units in Q2 FY22 to be slightly higher than market expectation.You are welcome"
"Aug 04, 2022, 03:11",Earnings released today after closing.. 
"Aug 04, 2022, 02:58",Does anyone know what time the earnings released today? Cheers
"Aug 03, 2022, 20:44",We are going 25-30 soon.. Never sell yours.. 
"Aug 03, 2022, 18:07","I enter at 18 yesterday, and at 19, which I really expect.And after price go to 19.45 I enter again.Before market closed I sold at 19.😭Go back and get more information.In my opinion, Lucid can go up to price 25-30 this year."
"Aug 03, 2022, 18:06","I enter at 18 yesterday, and at 19, which I really expect.And after price go to 19.45 I enter again.Before market closed I sold at 19.😭Go back and get more information.In my opinion, Lucid can go up to price 25-30 this year."
"Aug 03, 2022, 03:27",Above 19 is very good to continue 
"Aug 03, 2022, 02:50",I feel like this is a fake pump before earnings 
"Aug 02, 2022, 16:22",Up.. Up.. Up.. Within two days 
"Aug 02, 2022, 16:21",Up.. Up.. Up.. Within two days.. 
"Aug 02, 2022, 07:38",only 2 directions now..... either UP or DOWNit won't stay on this range of price
"Jul 31, 2022, 02:43",unfortunately it goes down after a report
"Jul 30, 2022, 05:55",5 days start flying 
"Jul 30, 2022, 03:36",this stock is DEAD 👎🏻
"Jul 22, 2022, 24:08","Hi friends, this is PIF. I am still here and will be here at least for the next 5 years. Go Lucid"
"Jul 21, 2022, 06:55","Next 25, 30"
"Jul 21, 2022, 04:40",LCID are you ready to fly? 
"Jul 20, 2022, 12:56",Soon go to 40+
"Jul 20, 2022, 03:56",think antons order went through at $10?
"Jul 15, 2022, 23:11","EV is having a bullish green week , month, etc."
"Jul 15, 2022, 06:16",👍
"Jul 08, 2022, 14:45",we are good
"Jul 08, 2022, 24:52",The spammers are going nuts on this board. 
"Jul 07, 2022, 04:37",Bought 1k shares at 17.40 Lucid making headway 
"Jul 06, 2022, 02:37",Sell before its too late 
"Jun 28, 2022, 01:40",why is this stock falling? 🤔
"Jun 24, 2022, 10:47","reconstitution is set to take place tomorrow, with changes making their effect after market close. Thus, next week will be the first true week of trading for LCID stock on the Russell indices."
"Jun 24, 2022, 07:12",Why is this rising?
"Jun 24, 2022, 02:10",tooooooo 19.20
"Jun 23, 2022, 06:14",goooood company
"Jun 22, 2022, 15:25",Good things waiting ahead
"Jun 22, 2022, 03:34","gap up, shooting higher"
"Jun 22, 2022, 01:37",Time to fly
"Jun 21, 2022, 08:06",Every stock is trading sideways today whats goong on? 🤭
"Jun 17, 2022, 07:53",Sell and buy li auto or nio this stock it finishe no future 
"Jun 17, 2022, 05:42",Almost there 🤩
"Jun 15, 2022, 02:43",Excited to buy more at $14
"Jun 14, 2022, 05:41",very Good support at current level looks strong from here
"Jun 13, 2022, 23:45","Crypto is crashing I wish us luck, but likely to hurt bad too around here. "
"Jun 11, 2022, 06:16",goooooooooood chance 
"Jun 09, 2022, 07:07",to 20 ...21.50.......24.....27...32...40next week strong 
"Jun 04, 2022, 02:44","That was a huge drop, what exactly happened?"
,what did you advice me and which price can i buy it? 
"Jun 02, 2022, 24:57",to 20 ...21.50.......24.....27...32...40next week strong 
"Jun 01, 2022, 02:13",I gotta find a new app these ads are insane 
"Jun 01, 2022, 01:04",muln battery is comming Guys. 100k cheaper cars
"May 28, 2022, 07:16",to 20 ...21.50.......24.....27...32...40next week strong 
"May 28, 2022, 02:34",after 20.50 21.55 to 27 ... 32...40
"May 28, 2022, 02:33",after 19.80 . toooò 20.50 
"May 28, 2022, 02:28",start to 40 . to day to 21.50 
"May 28, 2022, 02:16",it looks solid.
"May 28, 2022, 01:48",To the moon
"May 27, 2022, 04:53",Keep it up !!!
"May 20, 2022, 15:49",Bravo gains. Keep going!
"May 20, 2022, 06:41","All these EV companies are bleeding red, except for Tesla. "
"May 20, 2022, 03:28",100 in one year
"May 20, 2022, 03:14",Even George Soros fund is buying big  
"May 20, 2022, 03:10",Double the Money in next 6 months buy buy buy 
"May 19, 2022, 08:44",$29B market cap. Could lose half that and still be overvalued. 
"May 19, 2022, 03:47",What news? 
"May 19, 2022, 02:16","Great news, well done 👍🏻👍🏻"
"May 18, 2022, 04:48",Is the price going more down?
"May 17, 2022, 13:44",lol
"May 17, 2022, 07:37","for a guy who sold for a loss twice, and had a business go bankrupt,  anton sure has some weird flexes"
"May 16, 2022, 12:48","FUTURES BLOOD GREEN 🍃🍃FIST ON CHEST NO FEAR, THIS WEEK WE WILL BATHE IN THE TEARS OF BEARS. In all seriousness happy sunday yall hope this week is good to you. "
"May 14, 2022, 06:08","MANISH WHERE ARE YOU, YOU SAID IT WOULD HIT $10 I TRUSTED YOU MANISH, WHY YOU ALWAYS LYING"
"May 14, 2022, 03:25",Hmmmm can someone explain from $13 to $18 in 2 days. Thanks
"May 13, 2022, 02:30",Must admit i fear a dead cat 
"May 12, 2022, 23:56",I'm going to check up on Barbie when it hits $10 😆😆😆
"May 12, 2022, 08:18",lol we're is Barbie!!!!!!! are you still fully Invented? 😆🤣 😂
"May 12, 2022, 06:34",Fall below $10 next month 
"May 12, 2022, 06:34",Fall be $10 next month
"May 12, 2022, 06:30",Drop it like it’s hot 
"May 12, 2022, 06:17",right time to accumulate 
"May 12, 2022, 06:02",Wonderful day
"May 12, 2022, 05:32",Well as i said $14 now 
"May 12, 2022, 03:50",Will hit 10 soon
"May 12, 2022, 02:34",10$ soon
"May 12, 2022, 02:16",15.35 bottom two days in a row hmmm
"May 12, 2022, 01:55",$10 
"May 11, 2022, 09:21",once again Nostradamus has spoken $15 it shall be
"May 11, 2022, 06:41",I'm buying call jan 2024 strike $30
"May 11, 2022, 04:28","Happy to load up now for a long term hold. It feels a lot more real when you walk into a Lucid store at the mall. Price was way too inflated on speculation before, but this price is excellent. May take time with shortages, current economic and world situations, but seems like a solid bet. Good luck to all"
"May 11, 2022, 03:28",If breaks $14 then $12..
"May 11, 2022, 03:27",$15 already …$14 is coming wait 
"May 11, 2022, 02:58","Such a gr8 gap in short time, looks its an oppotunity to buy :)"
"May 10, 2022, 05:59",I never invest in such type of stock that is 500 times cheaper than Tesla and people are thinking and buying in hope that it will be a next Tesla 
"May 10, 2022, 04:55",Manish is a bigger loser than Anton 
"May 10, 2022, 03:51",Now wait for $14 …
"May 07, 2022, 07:13",How annoying is that mini game that pops up every time you open the app
"May 07, 2022, 05:00",$16 soon wait 
"May 06, 2022, 18:33","Promising results, from here it will elevate and this is the time to invest. Good luck to all Lucid stock holders. "
"May 06, 2022, 10:29",Great results. Go long. Next quarter will be even better 
"May 06, 2022, 09:46",Bellow 10$ this year for sure
"May 06, 2022, 09:00",gr8 results tomorrow up by atleast 10% 
"May 06, 2022, 05:33",Only sell… coming to $16 wait 
"May 06, 2022, 02:14","I can bet on there is manipulation on this stock, but i can not prove my claims"
"May 06, 2022, 01:48","buy now, earnings will be good"
"May 06, 2022, 24:50",results? 
"May 05, 2022, 22:49",Comparing to tesla this stock is woth to invest. Comparing to rivian graph and technical indicators still worth to buy. Only point is how much to inwest on. Any idea?
"May 03, 2022, 15:03","anton is just salty he lost money twice with lucid. no need to take him seriously, he used to call for it to hit $100. he just bought in on hype and had paper hands"
"Apr 29, 2022, 03:02",Archer Aviation 🥳
"Apr 28, 2022, 21:25",100k in 10 YEARS? big deal !!!! Tesla sells that in a hour. lol
"Apr 28, 2022, 21:23",15 next !!!!!!! 😆
"Apr 28, 2022, 15:55","15$ this week, rationally. "
"Apr 28, 2022, 02:53",Congats for the new agreement with Lucid and Saudia for the 100k prod.
"Apr 28, 2022, 01:11","will go down again,  i don't trust the 100k deal with KSA"
"Apr 27, 2022, 11:29",$22 tonight
"Apr 27, 2022, 11:22",why going up?
"Apr 27, 2022, 09:51",Who cares … heading to 10$
"Apr 27, 2022, 09:28",KSA to buy 100k cars in 10 years. is it true?
"Apr 27, 2022, 05:11",wow
"Apr 27, 2022, 02:15",10$ next stop
"Apr 23, 2022, 09:32","Just kidding, look at car engine? "
"Apr 23, 2022, 09:31","lucid won't make it, big drop after earnings "
"Apr 23, 2022, 04:18",Trading below $20 
"Apr 23, 2022, 04:18",See below is teading..If close below $18 then $14 will come 
"Apr 23, 2022, 04:13",I was watching the movie about the DeLorean sounds exactly like Lucid Motors
"Apr 23, 2022, 04:12",😁😁
"Apr 23, 2022, 04:12",😜😜😜😜
"Apr 22, 2022, 06:31","NEWARK, Calif., April 21, 2022 /PRNewswire/ -- Lucid Group, Inc. (NASDAQ: LCID),today announced it will host a conference call to discuss its first quarter 2022 financial results on Thursday, May 5, 2022"
"Apr 22, 2022, 05:38",Below $20 ready for below $18
"Apr 22, 2022, 02:38",This stock needs urgent market information. Bears will not sell and bulls will not buy.
"Apr 19, 2022, 07:47",Can we see 30$ in may?
"Apr 15, 2022, 05:04",Archer Aviation 🥳
"Apr 15, 2022, 04:27","Finaly, i started at 20.90…. 30% of my capital… second order at 14$ ….30%+60%= 90% of my capital.  I will wait for the remaing 10%. Incase if its go lower than 12$.  I still dont trust lucid and i will have new buy power x of my current capital incase if its go lower than 8 $.  U never know what will happen ….."
"Apr 13, 2022, 07:29",Below $20 is coming 
"Apr 12, 2022, 10:21","Anton, i PROMISE no one will miss you. Please never comment here again. "
"Apr 11, 2022, 03:19",I am no longer interested in this stock for chargepoint or any EV related stocks that fad come and gone. 
"Apr 09, 2022, 06:55",Got 27k on standby so get this..... down to 16 USD 
"Apr 08, 2022, 23:49","Advanced Vehicle Engineering 2926 E. Coronado Street, Anaheim, CA 92806.. vans at parking lot . your welcome. Mullen automotive."
"Apr 08, 2022, 09:16",Below $20 coming 
"Apr 08, 2022, 03:58",Barbie are you ok? you're not so lippy anymore? lol
"Apr 08, 2022, 24:17",Archer Aviation 🥳
"Apr 05, 2022, 19:28",today up to 28 here we go!
"Apr 05, 2022, 16:36",Below $20 
"Apr 05, 2022, 02:58",back to 50 to the moon!
"Apr 04, 2022, 19:34","hey Kyle , that's a girl's name? lol"
"Apr 04, 2022, 19:30",huge drop coming soon !!!!!!!
"Apr 02, 2022, 07:17",no complaining today. we have futures tomorrow.
"Mar 30, 2022, 08:12",Highest volume I have seen in a bit. 
"Mar 30, 2022, 05:18",My dream car. Finally in Europe.
"Mar 30, 2022, 03:01",lucid is available in Europe may 2022
"Mar 27, 2022, 07:40",Lucid making an appearance at the Oscars
"Mar 26, 2022, 19:27",here we go up to 50!
"Mar 24, 2022, 06:28",Archer Aviation 🥳
"Mar 24, 2022, 02:57",baba -alibaba- is bursting 118 from 78 and will be up to 250 in a month. thank me later!
"Mar 19, 2022, 03:42",30 is coming !!!
"Mar 19, 2022, 03:21","Dentro , os acompaño 👍"
"Mar 19, 2022, 01:47",Nonstop to 50 in fewdays
"Mar 18, 2022, 09:12",Is now a good time to buy this stocks?
"Mar 18, 2022, 08:35",Up up
"Mar 18, 2022, 07:45",Will this go up or down tomorrow?
"Mar 18, 2022, 06:49",Archer Aviation 🥳
"Mar 18, 2022, 06:43",Oh man wheres all the doom and gloom from Anton? 
"Mar 17, 2022, 24:39",24 $ 
"Mar 15, 2022, 05:03",$18 is coming 
"Mar 15, 2022, 04:50",12 bucks will be a good deal...dont remember IPO price ..?
"Mar 15, 2022, 03:19",i think 10$ will be good buying chance
"Mar 15, 2022, 02:36","Lucud Better tesla e rivian, then keep "
"Mar 14, 2022, 20:46",Back to IPO price..
"Mar 12, 2022, 13:30",just remember this I'm the only one on this board that could say that he made thousands of dollars with lucid . everyone else is just sitting praying to God that they get their money back.
"Mar 12, 2022, 13:27",I still have my orders at $15 but I'm thinking of putting them back down to $10 good for the year and Barbie yes a $10 I will buy them back and hopefully you'll still be there to make fun of me because you sound pretty sad when you do it I love engaging you and confrontation makes you sound pretty pathetic like the other people on this board. 
"Mar 12, 2022, 13:25",itsfunneh everybody talks trash about me on this message board but I'm the only one who bought and sold and made a profit thus far how do you figure? I guess losers will always talk ****about others this talk was cool way back and it's over now and all the people still hanging I'm thinking this is going to go back to $60 anytime soon is sad
"Mar 12, 2022, 08:08",Who loose the opportunity to buy at $22 buy now and cry later on when it wil come to $18 ha ha ha 
"Mar 12, 2022, 01:48",rivian and nio are going to take down here today.
"Mar 11, 2022, 14:02",🚀🚀🚀🚀🚀🚀🚀
"Mar 11, 2022, 05:20",Lucid has amazing technology that is the only thing keeping them alive right now hopefully they'll be bought off by Rolls-Royce or Mercedes
"Mar 11, 2022, 01:58",will hit 20 before 30
"Mar 10, 2022, 04:42","Wish i bought more at $22, thought it might stick around there for longer"
"Mar 10, 2022, 04:02",heading to $30
"Mar 09, 2022, 10:21",22 is bottom line
"Mar 09, 2022, 09:56",yes will go down to 12$out from this boat 
"Mar 09, 2022, 08:08","will go down, jump out guys "
"Mar 05, 2022, 07:17",Well $22 hit like I called a few days ago. Wish i could call my whole portfolio like that. Unfortunately i cant. Lol. 
"Mar 04, 2022, 21:28",should I buy more?
"Mar 04, 2022, 14:00",Tomorrow will see at $20
"Mar 04, 2022, 08:56","a good car for old people, thats why it doesnt sell much. unfortunately. no everything great sells. o well. down to 7-10"
"Mar 04, 2022, 05:57","Morgan Stanley Lowers Lucid Group's Price Target to $12 From $16, Maintains Underweight Rating"
"Mar 04, 2022, 05:14",Big challenge for Rawlison he's a good guy but not a CEO.  Have to navigate and keep things moving.  He's a good engineer company needs a star at the CEO position 
"Mar 04, 2022, 04:54",Lucid will not sustain a compilation so many EV car companies are coming and less expensive too
"Mar 04, 2022, 04:32","Wow, people think this is trash now after 1 bad earnings report based on short term headwinds?!"
"Mar 04, 2022, 04:24",$18 soon
"Mar 03, 2022, 17:09",too little amount of cars sold and recall of 200. this is a 7-10 stock
"Mar 03, 2022, 08:15",Skflf
"Mar 03, 2022, 08:01",20 by friday
"Mar 03, 2022, 04:33",It will be $18 soon … next year below $10
"Mar 03, 2022, 01:56",PIF is coming and investing more.. so the price will be double twice. 🙄
"Mar 02, 2022, 19:39","Oversold as fk, people scared about lower supply but big guys buy more now "
"Mar 02, 2022, 10:09",I will buy at 5-6$ 
"Mar 02, 2022, 08:18","Buy INDI. Perform due diligence, but seems a hidden gem. Small cap chip stock with focus on lidar and other EV chips. "
,Trsla has a different story no compilations was when they growing and now they are on top 
"Mar 02, 2022, 07:33",So many EV car company is comming in the market and less expensive moreover all exciting car company also involved in EV … lucid will not sustain next year price below $10 for sure
"Mar 02, 2022, 06:56",Buy tomorrow or Wednesday. Today not the bottom. Look at PLTR chart. Same hedge fund selling pattern. 
"Mar 02, 2022, 05:27","This has the top rated car for 2022, longest battery life, and 14k production this year but sells off hard because of short term headwinds like supply chain issues?!  Makes no sense "
"Mar 02, 2022, 03:35","sell today, buy tomorrow    you can lower average price to 5$     it woill be good choice"
"Mar 02, 2022, 03:29",The trash of the trashes.
"Mar 02, 2022, 03:11",Opening at 24.8
"Mar 02, 2022, 03:01",Grab profits - Load Up in Gores Guggenheim instead before merger with Polstar.🤑💎
"Mar 01, 2022, 22:55",Should of sold this trash when it was 60
"Mar 01, 2022, 22:54",dam revenue not even close 
"Mar 01, 2022, 22:16",Not so  good. Looking to add more if it goes below 20
"Mar 01, 2022, 17:23",Tomorrow $22
"Mar 01, 2022, 14:57",To the moon 🚀
"Mar 01, 2022, 14:57",🚀🚀🚀
"Mar 01, 2022, 13:32",TSLA wanna be. LOL
"Mar 01, 2022, 12:28",Any clue about the guidance 
"Mar 01, 2022, 11:21",17$ and then 10$
"Mar 01, 2022, 10:27",Tomorrow 20% Down ?
"Mar 01, 2022, 10:20","wooaa, what happened here..."
"Mar 01, 2022, 05:50",Insider know the earnings are good
"Mar 01, 2022, 05:49",My peeps thinks earning are going to be better than 3rd quarter.... 
"Mar 01, 2022, 04:16",what time is report coming out?
"Mar 01, 2022, 03:55",17 tomorrow 
"Mar 01, 2022, 02:21","#Lucid $lcid signing a deal with Emaar Company to build manufacturer and collecting vehicles in King Abdullah Economic City, 113.5 Million SR @LucidMotors"
"Mar 01, 2022, 01:34",35 or above by end of this week
"Feb 28, 2022, 22:51",19$ today
"Feb 28, 2022, 04:56",30 on monday youll see
"Feb 28, 2022, 04:35","In a dramatic escalation of East-West tensions over Russia’s invasion of Ukraine, President Vladimir Putin ordered Russian nuclear forces put on high alert Sunday in response to what he called “aggressive statements” by leading NATO powers."
"Feb 27, 2022, 17:03","the war is getting bad, not a good time to invest save your money. we will need it later. gl all"
"Feb 26, 2022, 23:45",20 the new target
"Feb 26, 2022, 08:56",boa and another hedge funds waiting for new investors to lower the price and manipulate the stock to take ppls money. not a good time to invest. i bet the fed stopped injecting money taking advantage of the wholw ukranian issue. careful with your money
"Feb 26, 2022, 05:52",30 $ is the next target 
"Feb 26, 2022, 01:02","Get ready to cash in, When I say jump, you say how hi :) "
"Feb 26, 2022, 24:20",i hope it goes up 
"Feb 25, 2022, 03:31",PH uck Putin
"Feb 25, 2022, 03:05",i think this is the lowest up from here to the 30's
"Feb 24, 2022, 11:46",More .. way go down 
"Feb 24, 2022, 11:46",$22 for sure
"Feb 24, 2022, 09:48",In the last 4 trading session (including today) has lost 18% what if the result and guidance are not as per market expectation ?
"Feb 24, 2022, 08:17",After Results $20 ?
"Feb 24, 2022, 07:06","Too many cry babies on here. The world is almost at war. Do you expect the market to be plush &amp; green with record highs all over? Retail &amp; institutional sentiment is fragile. Get a grip, people. Either invest &amp; buy low now, then as things rebalance you reap the benefits of your investment. If you're in it for a quick trade win, not gonna happen anytime soon. Ugh I detest broke people"
"Feb 24, 2022, 06:57",I bought @23$ should I sell now and buy later when it drops more 
"Feb 24, 2022, 05:27","bought 1,000 shares of this mid Jan 2021 for $19, held during a nervous 2021 summer and sold mid Nov for $52.......POW!   that's how it's done.   will buy back in at $19 in a few weeks......lol"
"Feb 24, 2022, 03:44",30 $ this week 
"Feb 24, 2022, 24:17",by the way barbie. I averaged down to 29$ and sold at 39$ made a measly 10000 profit. while your still here every day hoping to get back your money. lol that's why your so bitter. why would you still be on this board if you were in the green? lol.see you at 16$ 
"Feb 24, 2022, 24:12",16 soon
"Feb 23, 2022, 11:31","unfortunately a recall, 200 vehicles impacted . down to 15 soon"
"Feb 23, 2022, 06:26","sofi, palantier proterra... are same as lucid                  lucid will go to 15$    this price will be good buying chance"
"Feb 22, 2022, 18:09",one week to q4 esrnings expected a good amount of beauties sold and with the expansion plans this will jump soon :)
"Feb 19, 2022, 08:49",If it drops back to 24.75 I'll buy in
"Feb 19, 2022, 08:13",Best entry point ever for Lucid woohoo!
"Feb 19, 2022, 07:43",No war back to normal back to 40 in a week
"Feb 18, 2022, 06:24","Lucid Highlights Opening Of Its Newest Studio Location At The Mall At Short Hills In Short Hills, New Jersey"
"Feb 18, 2022, 04:56",Will be  waiting for $15.00 for a long time. 
"Feb 18, 2022, 04:55",Here u go for the $15.00 price. Options for March. Lucid Gr Option Alert: Mar 18 $33 Calls Sweep (45) near the Ask: 494 @ $2.151 vs 654 OI
"Feb 18, 2022, 04:15","hey anton, did your buy order go through at $15?"
"Feb 18, 2022, 04:11",Last time to buy below 30$ 💎🚀
"Feb 18, 2022, 04:06",Go Baby Go!!!
"Feb 17, 2022, 07:26",Wow that volume 
"Feb 15, 2022, 21:33",Lcid is PIF biggest position “69%”
"Feb 15, 2022, 21:32",PIF has not sold a single stock yet as in todays report
"Feb 15, 2022, 14:50",15.00/ 18.00/20.00/22.00/ 25.00 /50.00/ 60.00 what else? I’ll take 90.00
"Feb 15, 2022, 05:15",lets buy
"Feb 15, 2022, 04:07",this stock is on its way to the $50s 
"Feb 15, 2022, 03:52","what do you think guys, is it bullish?"
"Feb 15, 2022, 24:34",let's go 15$ 😱😱😱
"Feb 14, 2022, 22:41","Pre market shows people are selling fast, very alarming. 2 issues, one Russia Ukrain, and the other is on 21st Feb. Lucid will announce status, I'm not feeling too optimistic, I hope I'm wrong. "
"Feb 13, 2022, 24:37","Biden said if the Russians invades Ukraine, no US troops will be sent. So why the stocks and especially Lucid are down from 55 to 25. Lucid did not start selling outside US to be effected. "
"Feb 12, 2022, 09:23",$18 Very soon
"Feb 12, 2022, 08:50",Wow great .. come on  $22
"Feb 12, 2022, 08:45","it's so strange how people get affected over some ****far away which doesn't affect in any way the certain company. I'm talking about Russia -Ukraine possible conflict. Lucid doesn't even sell anything outside US yet so why the fear?! If the conflict happens, oil will go up, more reason for Lucid sales on US. Don't be afraid to sell. Just keep it going."
"Feb 11, 2022, 08:44","Sell sell overvalue company. Buy tesla, li auto, xpeng, rivian"
"Feb 11, 2022, 06:19","the near target is 33 I think ,,,, the gate to 50sss is holding above 37 .... its a difficult way in the near future ..... will see the report"
"Feb 11, 2022, 01:48","I wish, but it will all be clear on 21st Feb. Lucid report status, either up or down. "
"Feb 10, 2022, 21:01",Wil it go back to 50?
"Feb 10, 2022, 05:01",Paaaamp it!
"Feb 10, 2022, 04:05",What do you guys think?
"Feb 10, 2022, 02:19",CPV
"Feb 09, 2022, 23:16",MY Dream car .😀😀
"Feb 09, 2022, 06:41",It is a good chance to buy it now and you will sell later after 6 months with a very good profit 
"Feb 09, 2022, 03:58",there is no reason for change down cycle    if it go 16$ it will be good chance to start buying
"Feb 09, 2022, 03:53",Sell sell sell
"Feb 09, 2022, 03:35",Buy buy buy
"Feb 08, 2022, 05:53",That doesn’t mean it’s not gonna turn around. 
"Feb 08, 2022, 05:50","Lcid is bring shorted big time.Lucid Group Inc. - Common Stock's (NASDAQ:LCID) short percent of float has risen 20.09% since last its last report. The company recently reported that it has 90.06 million shares sold short, which is 16.74% of all regular shares that are available for trading. Based on its trading volume, it would take traders 1.2 days to cover their short positions on average."
"Feb 05, 2022, 02:53","On 21st Feb. Lucid will announce their profit status etc.., The price will either drop heavily or jump high. What's your expectaion and reason? "
"Feb 04, 2022, 04:39",$30 today 
"Feb 03, 2022, 14:53","Lucid Group Tweets 'Tom from @InsideEVs put #LucidAir through their real-world, 70-mph highway range test and confirmed: 500+ miles on a single charge.'"
"Feb 03, 2022, 09:40",if we cant break throught we test 20$ again
"Feb 03, 2022, 09:02", the chart suggest going back down to 20
"Feb 03, 2022, 09:01",barbie's and is father &quot;just a old guy&quot; are losing so much money  lol 😪😭
"Feb 03, 2022, 08:21",Strange what's going on? Premarket was over 30 and now around 27. It reminded me of my wife's mood hahaha..... 
"Feb 03, 2022, 08:08",35$ Next week 
"Feb 03, 2022, 05:28",does this Banana have any revenue yet?
"Feb 03, 2022, 05:22",strong selling  )_:
"Feb 03, 2022, 05:02",I hate these yo-yo stocks very unpredictable but great for day trading
"Feb 02, 2022, 11:35",getting shorted HARD........COULD BE A HUGE ROCKET SHOT
"Feb 02, 2022, 07:21",Compare Lucid's numbers and fundamentals with NIO's - which one is stronger? I say Lucid is considerably overpriced. Comments are welcome
"Feb 02, 2022, 05:35","Technical summary has changed, comments welcome !"
"Feb 02, 2022, 04:02",Lucid strong buy :)
"Feb 02, 2022, 02:15",Today $32 
"Feb 01, 2022, 10:45",Oh wow who would have thought? Anton continues his streak of bad calls. 
"Feb 01, 2022, 10:19",29.39 close enough. Tomorrow is booming up. Tighten your seat belt and enjoy the ride. 
"Feb 01, 2022, 06:20",Come on $30
"Feb 01, 2022, 02:18",I say $30 today
"Feb 01, 2022, 01:11",22 today
"Feb 01, 2022, 24:58","It's excellent news if the Saudis cashed their stocks, because it will be uphill from now, the big American business men will surely invest since the price is low, it's very tempting. And in the near future Lucid will start selling EV. I'm optimistic "
"Jan 30, 2022, 04:55",Soudies cashed in as expected.... 
"Jan 30, 2022, 02:37","Agree on the long term, but why did this hold up so well only to fall in the last week?  "
"Jan 30, 2022, 02:25","We can all assume and predict where the price is going. Remember, you cannot beat wall street and the algorithms who play with the stock at warp speed. If you believe in the company, invest in it. "
"Jan 29, 2022, 10:59","don't come here for short term investment, this is going to rock down and up, come for the long term. when they start producing, they will rocket to the hundreds then mony will be made."
"Jan 29, 2022, 10:37","Sell sell sell, more pain ahead, companies not profitable are not going to weather this market correction. Just watch Jim Cramer!! #growth stock are on a downward trend! "
"Jan 29, 2022, 09:42",I'm suspecting there will be a lot of buyers around the $20 range
"Jan 29, 2022, 08:59",In a just 2 weeks $45 to $26 
"Jan 29, 2022, 08:53",dump this...your capital is at risk
"Jan 29, 2022, 08:14", Going to -18%
"Jan 29, 2022, 06:48",So telsa is green isn’t it !? 
"Jan 29, 2022, 06:18",don't get me wrong Lucid Motors is a fine company with great potential he will do great in the future but at these evaluations it's insane it's worth about $10 conservatively if that's where I'm going to be buying them back at once and for all
"Jan 29, 2022, 05:38",Still -5% its clear sell
"Jan 29, 2022, 05:33",we have not to break 27.30.   and passing 29 to say its a true reversal ... otherwise still its bearish 
"Jan 29, 2022, 05:28",Clear sell
"Jan 29, 2022, 05:02",Almost all ev stocks are in green .. why lucid in red .. because its only for sell .. no buyer
"Jan 29, 2022, 04:52",there is a gap in 27 ....watch it not true reversal till we pass 29.50 
"Jan 29, 2022, 04:50","Rivn ,tesla ev stocks now in green but lucid still down ..exit even its toooo late"
"Jan 29, 2022, 04:48",u have to see the company is it bankrupted or difficult in its money balance sheet ... otherwise in one day it will recover....
"Jan 29, 2022, 04:47",panic seller is the worst traders ever.. if u didn't sell once the trend broken u will lose ( 36 dollars in LCID ) other wise wait for true reversal point
"Jan 29, 2022, 04:45",if we pass 27.30 will be a good sign next will be 27.80 then 29 if we passed will be a true reversal
"Jan 29, 2022, 04:42",we should see some rebound from here at least but don't expect a good wave I think!
"Jan 29, 2022, 04:41",the strongest support were at 26.80 and next will be 21
"Jan 29, 2022, 04:39",scam
"Jan 29, 2022, 04:39",there were a gap at 26 and other one at 24 ..... now they closed one ... what will happens next .... really it is hard week for EV stocks .....
"Jan 29, 2022, 04:28",should've sold all at 54. sold only half
"Jan 29, 2022, 04:12",So much for EV enthusiasm 
"Jan 29, 2022, 03:54",Going back to 10$ ..
"Jan 29, 2022, 03:50",It seems today would go -18%
"Jan 29, 2022, 03:48",Tgt reached $25-26
"Jan 29, 2022, 03:48",Only ev stock is going havily  down 
"Jan 29, 2022, 03:42",No stock is going down like lucid
"Jan 29, 2022, 03:41",My god 
"Jan 29, 2022, 03:41",Within 10 minutes 
"Jan 29, 2022, 03:41",Ha ha -10%
"Jan 29, 2022, 03:38",-8%
"Jan 29, 2022, 03:38",Below $20 next week for sure
"Jan 29, 2022, 03:37",-7%
"Jan 29, 2022, 03:37",Free fall 
"Jan 29, 2022, 03:34",Today may be close around $25-26
"Jan 29, 2022, 03:33",No buyer only seller
"Jan 29, 2022, 03:32",-5%
"Jan 29, 2022, 03:32",Ha ha ha 
"Jan 29, 2022, 01:41",going back in at 17$
"Jan 29, 2022, 01:39",manish is back too? 
"Jan 29, 2022, 01:11",No buyer for this price 
"Jan 29, 2022, 01:11",Premarket will reach -4%
"Jan 29, 2022, 01:09",Non-stop going down … free fall to $15 and $10..$8
"Jan 28, 2022, 23:48",24.89 entry point this month
"Jan 28, 2022, 23:33",Entry point 28.5/28.8 
"Jan 28, 2022, 16:45",I told you guys it will go below $30…now wait for below $20
"Jan 28, 2022, 16:20",saudis selling down to 10
"Jan 28, 2022, 12:56",The company got added to the Nasdaq with the heavy hitters. Hold on. Just needs some time. 
"Jan 28, 2022, 12:47","bought at highest peak level, any suggestion other than cry (done) ?"
"Jan 28, 2022, 12:25",50 soon
"Jan 28, 2022, 10:17",25.24 is critical 
"Jan 28, 2022, 10:16",Will see how tough is that support level. 
"Jan 28, 2022, 10:15",Here you go: Lucid has resistance above at $35.72 and $41.37 and support below at $30 and $25.24.Ahlan ya shabab. 
"Jan 28, 2022, 09:08",I noticed a gap at 27.80 !!is it going down to close !? will see
"Jan 28, 2022, 09:02",waiting for entry point around 20$
"Jan 28, 2022, 09:01",reddd day !!!!!! till where ?!
"Jan 28, 2022, 08:35",hey Barbie you can write it all the way back down to 16 where I'll be buying around $15 a share
"Jan 28, 2022, 08:31",lol where is my friend just a broke guy? 😄😄😄
"Jan 28, 2022, 07:57",What's a good re-entry point?
"Jan 28, 2022, 07:14",٢٩.٢٣
"Jan 28, 2022, 05:00","target 31,30 ?! may be"
"Jan 28, 2022, 04:45",rebound now ?!
"Jan 28, 2022, 04:40",wow
"Jan 28, 2022, 04:28",It will rebound soon…
"Jan 28, 2022, 04:27",ROUNDTRIP TO 20 IMO...DUE TO SAUDIS
"Jan 28, 2022, 04:07","﻿""What's going on? Lucid 30$  Are the Saudi Invest. Selling their shares? """
"Jan 28, 2022, 04:06",I bought at $23 should I sell now or hold ? I'm scared. 
"Jan 28, 2022, 01:03",$50 
"Jan 27, 2022, 12:55",you know what the sad part is Barbie you're going to ride this all the way down back to $16 again
"Jan 27, 2022, 10:00",This is where buying dips can get people in trouble because it's not stopping here.
"Jan 27, 2022, 09:05",my prediction to close at 31 still stands
"Jan 27, 2022, 08:46",😄😄😄😄😄😄😄😄😀😀😃😃😄😁😁😁😁😁
"Jan 27, 2022, 08:44",he just an old guy you're old and smart? How come the markets are now going down into the red like I predicted is it just luck or is it just because I'm younger and smarter LOL
"Jan 27, 2022, 08:35",buy more buy more till I die
"Jan 27, 2022, 08:09","Honestly a great company, just go down so we can buy again, that’s all…"
"Jan 27, 2022, 07:24",you guys seem to forget when all of you babies were crying at $16 just a few weeks ago LOL what makes you think that it can't go there again LOL very sad
"Jan 27, 2022, 07:22","if it is not closing over 36.30 so it break the uptrend !!!! 

the closing candel today is very important"
"Jan 27, 2022, 06:16","Nasdac is over 320 point and lucid is idle, strange hmmm.... "
"Jan 27, 2022, 06:09",today closing more than 36 to continue the bullish wave
"Jan 27, 2022, 06:01",its buy signal now
"Jan 27, 2022, 05:55",BUY BUY BUY!!!
"Jan 27, 2022, 04:21",😢😢😢😩😩😩😩😩😱😱😱😱😱 30 soon
"Jan 27, 2022, 01:35","From my analysis on the world market, I expect that Lucid will reach $38 today. "
"Jan 27, 2022, 24:14",by 3PM today lucid will be at 30$
"Jan 26, 2022, 23:30",35 is the bottom
"Jan 26, 2022, 14:05",it hold seems lile it is supported by big companies. i guess it might jump after this support demonstration. gl
"Jan 26, 2022, 06:41",its white time
"Jan 26, 2022, 04:38",32 after the fed talk at 2 pm
"Jan 26, 2022, 01:58",give me 35 please
"Jan 26, 2022, 01:13",I see just an old guy is still holding on to his stocks all the way down that's great just like a captain going down with the ship I command you just an old guy
"Jan 26, 2022, 24:10",buy back at 15$
"Jan 25, 2022, 11:13","Have any of the geniuses here looked at the consuer car market lately? It's super tight. No supply. Ford running out of their new hybrid truck model, just announced production cap. if people keep deanding cars, there's going to be spilover into LCID and EV units in general. Today we began the ride to 70-90 bucks/share, possibly by end of this 2022. Bears have ther eyes closed, and at thsi point, their undies down around theire ankles."
"Jan 25, 2022, 09:52",green today
"Jan 25, 2022, 09:26",Market crashes everything goes down and then people just put their money in Staples gold and utilities all else goes down substantially
"Jan 25, 2022, 09:25",you guys realize that if the stock market does crash the last thing people needs are expensive goods and services Lucid will go down to $10 guaranteed
"Jan 25, 2022, 05:30",going to 28 soon
"Jan 25, 2022, 05:01",yes it is holding way better than all other stocks surprising. 
"Jan 25, 2022, 03:53",this is not going down so much in relation to the broad market. 
"Jan 25, 2022, 03:26",30 by end of day
"Jan 25, 2022, 02:38",Panic! Sell!!!
"Jan 24, 2022, 23:01",The Europe stock market dropped dramatically due to  Russia war. Nasdaq will follow and Lucid will fall too.  Sell what you can before the stock officially open. 
"Jan 24, 2022, 22:44",200 in 3y
"Jan 22, 2022, 10:17",my leveraged short NASDAQ ETF is crushing it this week sold all my shares waiting for the big crash to arrive and bedding on it
"Jan 21, 2022, 22:29","Where would you invest in companies and individual stocks of comprehensive arts and technology? Which stocks will maximize your return on investment at the same time?  Invest for the future (it's in the $40 range now, but if it's like a neighbor's house, the current share price is $1,000, the real price is $4,000 per share) If you invest now, you'll buy $3,960 cheaper * Increase the amount."
"Jan 21, 2022, 21:08",slow nd steady selloff started if you didnt notice. down to 15 in a week wait for it
"Jan 21, 2022, 20:38","Investors have been experiencing plenty of FUD (fear, uncertainty,  doubt) around the potential that the PIF could sell off a large portion  of its 62.7% stake in Lucid but they really needn't worry. This is due  to a number of factors. Let's examine them:"
"Jan 21, 2022, 20:37","The Saudi PIF usually invests on a long-term basis and they haven't been  involved with Lucid for long enough to think about getting out.  Additionally, Lucid has excellent technology and is poised for some fairly explosive growth over the next few years  and the PIF will want to be along for the ride when that happens. With  such a large stake in Lucid, the PIF may be able to guide the company in  directions that will be beneficial to both parties, realizing huge  success for Lucid and huge (huger, the PIF's stake is now worth $46  billion from its investment of $1.3 billion) returns for the Fund."
"Jan 21, 2022, 20:35","Another factor that will keep the PIF with Lucid is the manufacturer's plan to build a factory in the Kingdom by 2026. Lucid is in advanced talks with the Saudi government to get  this project off the ground, and it would likely mean further  investment, and further returns, for the Fund. Saudi Arabia is the  region's largest importer of vehicles (around $12 billion worth each  year) and the Kingdom wants to localize half of these to vehicles  produced in Saudi factories by 2030. Lucid has a first-mover advantage  in this thanks to its ties with the PIF as well as the oil-rich nation's  plans to move away from fossil fuels and towards renewable energy  solutions."
"Jan 21, 2022, 10:07",disappointing day
"Jan 21, 2022, 10:02",I'm going to buy them back around $20
"Jan 21, 2022, 10:01",sold my Lucid at 39 and made a profit 15%
"Jan 21, 2022, 09:53",should have sold last week at $45
"Jan 21, 2022, 07:20",$20 
"Jan 21, 2022, 06:54",will sink to 25
"Jan 21, 2022, 05:05",Buy now or regret later
"Jan 21, 2022, 05:03",squeeze
"Jan 21, 2022, 02:41",lower lows? the charts certainly suggest it but I'm not so sure
"Jan 20, 2022, 22:37",Today will see $48After shorters trying to cover thier mess up
"Jan 20, 2022, 21:06",i want buy till 25usd per all
"Jan 20, 2022, 13:24","lots of short positions with all this FUD, LUCIDMOTORS will stay the course and boom after the shorts realize they lost the battle "
"Jan 20, 2022, 11:30",Time to go to 20$
"Jan 20, 2022, 09:38",to 36 soon then rocket ( likely ) wait and see .....
"Jan 20, 2022, 08:11",lockup expiry is tomorrow as its 11:59pm 19Jan which means we expect the sell off premarket tomorrow
"Jan 20, 2022, 08:00",has lockup period expired ? or is it after the closing?
"Jan 20, 2022, 07:24",nice bump up
"Jan 20, 2022, 05:53",Rocket loading 
"Jan 20, 2022, 04:19",Probably 55$ soon
"Jan 20, 2022, 02:15",4 billion in shorts
"Jan 20, 2022, 01:28",Short squeeze starting. Better buy now
"Jan 19, 2022, 08:42","MP’s initial magnetics facility in Fort Worth, Texas, will source materials from Mountain Pass, California, restoring a fully integrated U.S. supply chainMP has entered a long-term agreement with General Motors to supply U.S.-sourced and manufactured rare earth alloy and magnets to power more than a dozen models using GM’s Ultium PlatformThe facility will produce NdFeB alloy and magnets with the potential to power approximately 500,000 EV motors per year; a gradual production ramp is expected to begin in 2023"
"Jan 19, 2022, 07:30","Witj a revenue under a $1m, it is still over priced, $15 is the right price."
"Jan 19, 2022, 05:55",mp target price 62 73 96 buy buy buy🏃‍♂️
"Jan 19, 2022, 05:54","GM has signed a long-term agreement with MP Materials for the supply of rare-earth materials, alloys and finished magnets used in the electric motors that are powering its growing number of electric vehicles"
"Jan 19, 2022, 05:01",I also expect a significant rise of the stock. Everyone thinks we will fall but the Wales gonna buy
"Jan 19, 2022, 01:57",I am expecting some short squeezing today. let the bulls run them out!
"Jan 18, 2022, 23:01",Saudi will never sell a single share but will buy more and more as lucid investment is meant to lead tech in future
"Jan 18, 2022, 22:35",back to 30
"Jan 18, 2022, 22:25","Saudi Gov. Investment lockup ends tomorrow, let see if they sell.. If they did then expect bloodshed to Lucid stock price. "
"Jan 15, 2022, 23:50",Saudis are not short visionef with this. What would be the point for that? 
"Jan 15, 2022, 17:33",Growth anticipated as EV demand increases
"Jan 15, 2022, 06:38",60 in the future
"Jan 15, 2022, 03:46",👍👍👍👍👍🧐🧐🧐
"Jan 15, 2022, 02:02",I'd love to see low 30 to buy again sold at 45 last time
"Jan 14, 2022, 18:17",Lucid chairman Andrew Liveris announced that they will build EV factory in Saudi Arabia by 2025-2026. The Saudi Gov. Investment owning around 65% of Lucid shares are not happy because they had an agreement to build the factory by 2022. Expect the stock to drop dramatically this week and next and especially on 19 Jan. where Saudi lockup ends. Then you will see the Saudis sell their shares dropping the price of Lucid. 
"Jan 14, 2022, 12:10",$38 very soon
"Jan 14, 2022, 11:24",it's just checking out the 41 support level.......boom after that
"Jan 14, 2022, 11:13",Next week 36 and for sure bellow 20 $ by may
"Jan 14, 2022, 10:56","what is going for Lucid, any comment plz :("
"Jan 14, 2022, 08:45",buy for 45 tomorrow 
"Jan 14, 2022, 06:15",target achieved 
"Jan 14, 2022, 05:04",43.50 it's almost there need few more thumbs down 
"Jan 13, 2022, 07:16",43.5 today 
"Jan 13, 2022, 05:45",Bad time to buy at this price $45
"Jan 13, 2022, 05:26",Saudis lock in period expires in mid   February before that they will take it to 65 again 
"Jan 13, 2022, 03:45",Book Profit coming down to 43
"Jan 13, 2022, 03:31",To the moon
"Jan 13, 2022, 03:28",We are closing above 47 today.
"Jan 12, 2022, 10:00",Saudis diomand hands. Thats why their so rich.
"Jan 12, 2022, 09:54",Don't be scared guys Saudis don't sell that's stupid to Think. 
"Jan 12, 2022, 09:39","If you have LUCID shares now, sell it quickly make good profit.. Because it will drop to 30s, Saudi Gov. Investor will sell in Bulks on 19th Jan after lockup ends and Share price will drop heavily. "
"Jan 12, 2022, 07:05",Can anyone suggest best broker for US market in India 
"Jan 12, 2022, 05:13",100 soon 
"Jan 12, 2022, 04:13",where are all naive singers
"Jan 11, 2022, 11:47",100 in 2 months
"Jan 11, 2022, 07:35",guys get ready for the fall and to buy the dip  
"Jan 11, 2022, 06:05",falling knife
"Jan 11, 2022, 04:12",next step 50
"Jan 11, 2022, 03:33",I feel like it’s going to touch the ceiling
"Jan 08, 2022, 11:27",Another group of hopefuls wasting their time guessing prices... not a whole lot of knowledge here
"Jan 08, 2022, 10:24",FUD CAN FUD RIGHT OFF
"Jan 08, 2022, 09:12",Great short
"Jan 08, 2022, 08:01",We will see $35 again this month 
"Jan 08, 2022, 07:06",But indeed is overpriced … and will go this year to 15$
"Jan 08, 2022, 07:06",Nio is chinnese … big difference 
"Jan 08, 2022, 06:55",Market manipulation at its best.
"Jan 08, 2022, 06:49","This stock is well over priced. Just compare this with NIO, it will bebcome clear as crystal."
"Jan 08, 2022, 06:27",Everyone who thought we will fall today 😂🤔 sry to disappoint you I bought 100 shares more
"Jan 08, 2022, 05:34",Anyone thinks it will hit above 43? 
"Jan 08, 2022, 04:30",to 40ssss now
"Jan 08, 2022, 03:59",Will it be 45?
"Jan 08, 2022, 03:22",Haha everybody know we hit the 100 very soon
"Jan 08, 2022, 24:09",when they start selling this stock will ride to the hundreds
"Jan 07, 2022, 23:44",the gate to 56 passing through 41.8 closing candle ... looks today is very intersting ( closing weeky candle ) lets watch it carfeully ... 
"Jan 07, 2022, 11:43","BRING ON THE FUD!!!!! JUST MEANS OPTION TRADERS  SHORTING LUCID ARE.GETTING NERVOUS.........DONT LET THESE PEOPLE WIN,  PESSIMISTS CAN EAT HUGE 🦍💎💎'S"
"Jan 07, 2022, 11:06",Bought some today at 34 &amp; change! Keep adding..
"Jan 07, 2022, 11:03","Bought some more today at 34 &amp; change, keep adding!"
"Jan 07, 2022, 09:36",here we go.......Groundhog Day
"Jan 07, 2022, 08:45","this stock is slowly eroding.  Everytime the NASDAQ ends negative, it will be dragged down.   this will again happen later today and all day tomorrow.   A falling knife. Don't try to catch it."
"Jan 07, 2022, 07:03",what a trap 
"Jan 07, 2022, 06:01",Let's lead short selling to hell.g to hell
"Jan 07, 2022, 04:26",36.38 has to close above it otherwise !
"Jan 07, 2022, 04:09",buying price is 39.7 and sold at 33.85. bye bye lucid 
"Jan 06, 2022, 23:37",let's go baby
"Jan 06, 2022, 09:55",2.19M inflow large .
"Jan 06, 2022, 09:00","I have this stock and I even say, there can only be one Apple and one Black Berry. In this case, Tesla is Apple. I tought Lucid was Black Berry but, turns out, now I think Rivian is Balck Berry, and even with that, we know what happened to Black Berry years later."
"Jan 06, 2022, 06:21",incredible that it is recovering... thought it would drop more today hehe all good enjoy the day tradiing! to the sky! lol
"Jan 06, 2022, 05:29",buy the dip!
"Jan 06, 2022, 05:21",The crying that goes on here on red days is pretty unbelievable 
"Jan 06, 2022, 04:11",where are the marketing team?
"Jan 06, 2022, 04:03",So amazing..
"Jan 06, 2022, 04:02",Until now Lucid did not tell about deliveries. The market is not stupid. They will  crash this stock.Lucid=Nikola stupid players.
"Jan 06, 2022, 03:53",what's going on with our stock?
"Jan 05, 2022, 23:42",Soon Europe pre-sales start get ready 
"Jan 05, 2022, 19:38","i am sure Lucid CEO wont communicate the december deliveries to avoid a major drop in the stock value. must be a very low deliveries maybe 50 or so. and ppl still want to believe in it. look what happened with Robinhood and others, many ppl stuck with junk stock highly valuated, some even put a second loan for this. dont fall in that trap or you will be punished. the worst mistake is to create false expectations based on illusion that this will be like tesla. tesla is 10-15 years away from lucid. i wont be surprised if we dont hear the december deliveries, and a valuation drop to 5-8. gl all dont kll the messenger."
"Jan 05, 2022, 15:24",so tomorrow we see a new low? 30 perhaps? shorters? keep it low ok down to real value of 5
"Jan 05, 2022, 13:56",fud off
"Jan 05, 2022, 13:07",same fudders come out right before a sling shot
"Jan 05, 2022, 12:48",buy tesla!
"Jan 05, 2022, 11:01","buy hodl repeat, let's create a lucid nation, NEW APES ON THE WAY!!!!"
"Jan 05, 2022, 08:02","any news of december deliveries? lol nothing yet you know what that means, maybe 50 sold at the most. this stock value should be 8 at the most."
"Jan 05, 2022, 05:21","Orders inflow , hope we can go to the previous level "
"Jan 05, 2022, 04:59",Good news will only be remained
"Jan 05, 2022, 04:11",It is goin up don’t worry 
"Jan 05, 2022, 03:54",$38.05 
"Jan 05, 2022, 02:20",never sell⚡️🚀
"Jan 04, 2022, 21:37",no december deliveries info yet... i have a really bad feeling about this... bloodbath coming see you at 30
"Jan 04, 2022, 10:32",100 in 2 months
"Jan 04, 2022, 09:37",let's go back below $39
"Jan 04, 2022, 08:12","can't believe that lucid is announcing 22,000 production cars for the year 2022 when they promised that last year and 2022 supposed to be over 200,000 cars whatever as long as the stock goes up I'm happy"
"Jan 04, 2022, 08:10",70 next
"Jan 04, 2022, 08:04",what happened 
"Jan 04, 2022, 08:02",need a close above 42
"Jan 04, 2022, 07:27",it should hit $44 soon.
"Jan 04, 2022, 07:27",Lfg
"Jan 04, 2022, 06:55",LCID will drop a bit and might close a notch above 39 by EOD
"Jan 04, 2022, 06:21",Mercedes announced new prototype range is 1000 km
"Jan 04, 2022, 05:10",$43 
"Jan 04, 2022, 04:26",TODAY 12:30PM
"Jan 04, 2022, 04:03",Up
"Jan 04, 2022, 03:22",$40 +
"Jan 01, 2022, 04:47","Happy New Year everyone, 2022 will be great for all of us LCID holders. "
,
,
,
,
,
,
,
,
,
,
,
,
,
,
,
,
,
,
,
,
,
,
,
,
,
,
,
,
,
,
,
,
,
,
,
,
,
,
,
,
,
,
,
,
,
,
,
,
,
,
,
,
,
,
,
,
,
,
,
,
,
,
,
,
,
,
,
,
,
,
,
,
,
,
,
,
,
,
,
,
,
,
,
,
,
,
,
,
,
,
,
,
,
,
,
,
,
,
,
,
,
,
,
,
,
,
,
,
,
,
,
,
,
,
,
,
,
,
,
,
,
,
,
,
,
,
,
,
,
,
,
,
,
,
,
,
,
,
,
,
,
,
,
,
,
,
,
,
,
,
,
,
,
,
,
,
,
,
,
,
,
,
,
,
,
,
,
,
,
,
,
,
,
,
,
,
,
,
,
,
,
,
,
,
,
,
,
,
,
,
,
,
,
,
,
,
,
,
,
,
,
,
,
,
,
,
,
,
,
,
,
,
,
,
,
,
,
,
,
,
,
,
,
,
,
,
,
,
,
,
,
,
,
,
,
,
,
,
,
,
,
,
,
,
,
,
,
,
,
,
,
,
,
,
,
,
,
,
,
,
,
,
,
,
,
,
,
,
,
,
,
,
,
,
,
,
,
,
,
,
,
,
,
,
,
,
,
,
,
,
,
,
,
,
,
,
,
,
,
,
,
,
,
,
,
,
,
,
,
,
,
,
,
,
,
,
,
,
,
,
,
,
,
,
,
,
,
,
,
,
,
,
,
,
,
,
,
,
,
,
,
,
,
,
,
,
,
,
,
,
,
,
,
,
,
,
,
,
,
,
,
,
,
,
,
,
,
,
,
,
,
,
,
,
,
,
,
,
,
,
,
,
,
,
,
,
,
,
,
,
,
,
,
,
,
,
,
,
,
,
,
,
,
,
,
,
,
,
,
,
,
,
,
,
,
,
,
,
,
,
,
,
,
,
,
,
,
,
,
,
,
,
,
,
,
,
,
,
,
,
,
,
,
,
,
,
,
,
,
,
,
,
,
,
,
,
,
,
,
,
,
,
,
,
,
,
,
,
,
,
,
,
,
,
,
,
,
,
,
,
,
,
,
,
,
,
,
,
,
,
,
,
,
,
,
,
,
,
,
,
,
,
,
,
,
,
,
,
,
,
,
,
,
,
,
,
,
,
,
,
,
,
,
,
,
,
,
,
,
,
,
,
,
,
,
,
,
,
,
,
,
,
,
,
,
,
,
,
,
,
,
,
,
,
,
,
,
,
,
,
,
,
,
,
,
,
,
,
,
,
,
,
,
,
,
,
,
,
,
,
,
,
,
,
,
,
,
,
,
,
,
,
,
,
,
,
,
,
,
,
,
,
,
,
,
,
,
,
,
,
,
,
,
,
,
,
,
,
,
,
,
,
,
,
,
,
,
,
,
,
,
,
,
,
,
,
,
,
,
,
,
,
,
,
,
,
,
,
,
,
,
,
,
,
,
,
,
,
,
,
,
,
,
,
,
,
,
,
,
,
,
,
,
,
,
,
,
,
,
,
,
,
,
,
,
,
,
,
,
,
,
,
,
,
,
,
,
,
,
,
,
,
,
,
,
,
,
,
,
,
,
,
,
,