﻿time,comment,,
"Feb 16, 2023, 04:09",AIRBNB,,
"Feb 15, 2023, 06:48","This some bullshiz lol the economy is NOT good. The more these stocks gain off bullsh¡t news, the more we should be worried. Sh¡t, half the tech stocks rallied last week because Zuck said hed stop focusing so much on a fake world 🤦‍♂️",,
"Feb 14, 2023, 06:03",Whats this 4% for 🤦🏻,,
"Feb 14, 2023, 05:46",Lol cant believe it,,
"Feb 14, 2023, 05:08",LOL.  What a retail pump and dump ,,
"Feb 14, 2023, 03:48",Paying 30 times the earnings for declining earnings??? ,,
"Feb 14, 2023, 03:18",Go up ,,
"Feb 14, 2023, 24:14",Is Warren Buffet buying msft dips at 213 and 219? Tues is it coming out and is it leaked?,,
"Feb 11, 2023, 10:44",how to time ,,
"Feb 11, 2023, 09:39",time to sell hard,,
"Feb 10, 2023, 14:18",280 on Ai head start ,,
"Feb 10, 2023, 07:53",Time to buy or hold ? ,,
"Feb 10, 2023, 04:15",How high can it go before having a reversal? I'll buy in then.  Had at $230 and sold already ,,
"Feb 10, 2023, 24:19",Buy.,,
"Feb 09, 2023, 18:41",They will eat search dollars that doesn't mask PC dinosaur business and they will undercut and make little money if any on search. so it's not definitely worth this much and it's a short. ,,
"Feb 09, 2023, 12:11",280 tomorrow when the market follows threw ,,
"Feb 09, 2023, 10:07",Sell when AI news coming.,,
"Feb 09, 2023, 10:05",RUN. 273. too high.,,
"Feb 09, 2023, 04:28",says it will hurt UK gamers,,
"Feb 09, 2023, 04:07",Sellll,,
"Feb 09, 2023, 03:37","hi, my company might add some AI in the future. Give 1 trillion",,
"Feb 08, 2023, 22:44",Time to buy or hold ? ,,
"Feb 08, 2023, 22:41",Suddenly every one finds out that Bing still garbage with / Without chatgpt and chatgpt just nothing but another.com bubble,,
"Feb 08, 2023, 08:14",Im gonna start using bing with chatgpt 🔥,,
"Feb 07, 2023, 03:34",msft is actually STILL a good value to buy. I wish I had 20k yo just be long in Microsoft! ,,
"Feb 03, 2023, 15:31",fack move sell hard....,,
"Feb 03, 2023, 05:42",love~,,
"Feb 01, 2023, 17:07",Mutual funds and ETFs are artificially inflating stocks above their real value. Microsoft and Apple are the most over valued due to passive investing. ,,
"Jan 28, 2023, 06:47",Time to buy bili bili before it rise like rocket ! ,,
"Jan 27, 2023, 14:38",MSFT is the controller of  Nasdaq.,,
"Jan 27, 2023, 07:23",what way to you guys think the price will go for next month or so,,
"Jan 26, 2023, 19:07",pc sales will be 30% of what they are today over next decade. that's the bitter truth ,,
"Jan 26, 2023, 19:05",their only hope is to grab ad money from Google via chatgpt. all other verticals rapidly going down with pc becoming next ie. ,,
"Jan 26, 2023, 09:23",Closed shorts at 235 because mrkt is crazy ! Shorting again avove 250$,,
"Jan 26, 2023, 07:18",just buy it 270 will touch soon...,,
"Jan 26, 2023, 05:32",sainuu,,
"Jan 26, 2023, 05:31","big gap rise and drop, next year this.time we shall see the result. ",,
"Jan 26, 2023, 04:12","200 $ in spring , there buy , till there short from 255 last night AH",,
"Jan 26, 2023, 04:11",Perhaps a company that earns double digit billions per year with slowing growth for 4 quarters in a row isn't actually worth $1.8 trillion dollars? ,,
"Jan 26, 2023, 03:49",HELP,,
"Jan 26, 2023, 03:45",People are leaving the ESG woke agenda. Microsoft is at the top of the list for every ESG fund and ETF. GET OUT NOW.,,
"Jan 26, 2023, 03:42","Use the dip and buy for next 10years, u cant go wrong. They got chatgpt and huge future proof investments",,
"Jan 26, 2023, 03:36","Hey all those buddy’s to the moon with calls that was happy, how you doing???",,
"Jan 26, 2023, 03:32",NOOOOOOOOOOOOOOOOOOOOO,,
"Jan 26, 2023, 03:31",Not bad not bad,,
"Jan 26, 2023, 03:07","earnings still good, over scared, big recovery today",,
"Jan 26, 2023, 03:05",earnings bad dump it,,
"Jan 26, 2023, 03:04",Hihihihihi ,,
"Jan 26, 2023, 02:39",22 handle today,,
"Jan 26, 2023, 01:21",255 mark my words it will go up...,,
,Down to the abyss,,
"Jan 26, 2023, 24:53","MSFT seems good, all recurring revenue segements are increasing, while non recurring are decreasing - these are just a few like Xbox, OEM - but recurring like Azure, LinkedIn, Github etc. are growing. There are still a lot of businesses which still need to transfer their operations to the cloud - the market is huge - well the outage today did not help - lol",,
"Jan 26, 2023, 24:02","It will not go to 200. Not that deep. I assure you, the session will end at -0.3% ",,
"Jan 25, 2023, 23:18",i told you yesterday down after earnings,,
"Jan 25, 2023, 16:16",be ready it is ready to Break 200,,
"Jan 25, 2023, 15:18",imagine buying this up 5% in AH,,
"Jan 25, 2023, 14:21",When did stock prices become interested in anything other than jerome powell?,,
"Jan 25, 2023, 13:48","wow, just wow",,
"Jan 25, 2023, 13:18",Forecast: Cloud with red rain,,
"Jan 25, 2023, 13:09","bye bye miss american pie. got QE and 0 interest for the last 10 years or five.
drove the NasDaqto highs that were whack along with the the spy.

good ol' boys drinking whiskey and rye singing this is the day the market will die.",,
"Jan 25, 2023, 12:50",told you guys drop after earnings,,
"Jan 25, 2023, 12:42","Crappt guidance, itiswhatitis",,
"Jan 25, 2023, 12:38",• mission failure,,
"Jan 25, 2023, 12:23",Come on sqqq lets rock,,
"Jan 25, 2023, 12:22",All the aftergours gains have been wiped,,
"Jan 25, 2023, 12:22",After a +10% rise this month it didn't have much room to pump I guess... ,,
"Jan 25, 2023, 12:21","Recassion is coming, get out of the market ",,
"Jan 25, 2023, 12:20","Well...before earnings report, It gained +10% in the last 3 weeks... ",,
"Jan 25, 2023, 12:20",tomorrow will be bloody ,,
"Jan 25, 2023, 12:18",Microsoft will lead the NASDAQ and the rest of the market deep in the red going forward. the FED will will put the final nail in the coffin,,
"Jan 25, 2023, 12:17",the QQQs are reversing now as I said. Sanity prevails in the end thank God!,,
"Jan 25, 2023, 12:13",pupm and dumb ,,
"Jan 25, 2023, 12:13",Earnings to decline and people keep buying. Short it tommorow to 220 ,,
"Jan 25, 2023, 12:10",It wants to go up even though it is impossible. They gave a terrible (ana honest) guidance,,
"Jan 25, 2023, 12:07","low single digits this, low single digits that.... when these criminals are making this thing reliable again???",,
"Jan 25, 2023, 12:06","we expect revenue to decline, we expect revenue to decline... and it goes up.... they cant get enough on lisleading their own customers",,
"Jan 25, 2023, 11:59","decline, decline, decline in constant currency, decline, decline, decline in constant curremcy... I wonder when we having a reliable market again... this is pure options collecting premium with zero fundamentals",,
"Jan 25, 2023, 11:33",Still no guidance?,,
"Jan 25, 2023, 11:22","Microsoft MSFT reported fiscal second-quarter earnings of $16.43 billion, or $2.20 a share, a decline from $2.48 a share a year ago. The company also reported that severance, impairment and lease-consolidation costs cost it 12 cents a share, which would lead to adjusted earnings of $2.32 a share; Microsoft executives did not provide adjusted earnings a year ago, and typically stick to GAAP profit readings.",,
"Jan 25, 2023, 11:22",my posts are now moderated.,,
"Jan 25, 2023, 11:17","Using GAAP accounting EPS was 2.20, down from 2.48 last year.   This 12 cent adjustment is BS.   the earnings were just $16.43 billion, or $2.20 a share,",,
"Jan 25, 2023, 11:15","They've made substabtially less money 4 quarters in a row and growth is clearly slowing, but its cool lol, +5%",,
"Jan 25, 2023, 11:12",keeps climbing ! my calls are gonna print $$,,
"Jan 25, 2023, 11:03",300 by by EOY easy!,,
"Jan 25, 2023, 10:39",Microsoft miss revenue estimates but price was bellow an estimate of  49,,
"Jan 25, 2023, 10:33",who is bumping this piece of crap? Microsoft missed revenue estimates for two quarters in a row. Folks this is the new reality of the economy across the board. with this confirmation expect severe contraction in stock prices going forward.,,
"Jan 25, 2023, 10:28",Central banks turned everything into a meme.  Nothing has value any more.,,
"Jan 25, 2023, 10:26",On Oct 25th when it released its previous qtr earnings was Up in after hours but subsequent trading day lost 8%. At this point 255 is its 200DMA which is a strong resistance point. Will have to see pre opening prices. After hours prices are not accurate.,,
"Jan 25, 2023, 10:22",so quickly change both red EPS and R3venue to one green. EPS: 2.2 vs 2.32 expectation,,
"Jan 25, 2023, 10:21",q2 ??,,
"Jan 25, 2023, 10:19","260 is maximum where thus can get , but i don’t see soo spectacular this results , helped by the trend which is obvious bullish ",,
"Jan 25, 2023, 10:19",30 downward adjustments in last 90 days and still missed,,
"Jan 25, 2023, 10:19",Hello,,
"Jan 25, 2023, 10:17",i have the screenshot said EPS:2.2 vs 2.3 forecast from investing,,
"Jan 25, 2023, 10:16",you call this good ??? Come oooonnnn,,
"Jan 25, 2023, 10:14",short ,,
"Jan 25, 2023, 10:12","-30% from peak, valuation is already very good at these levelss for true cloud leader and monopoly compny. Cmon",,
"Jan 25, 2023, 10:11",Feels nice to see short seller cry :),,
"Jan 25, 2023, 10:11",Microsoft beats on earnings as cloud unit shows strong growth.,,
"Jan 25, 2023, 10:09",Lol why is this up when it's missed lololol market broken AF,,
,+4.73 AH,,
"Jan 25, 2023, 10:06",We’re back to this again where bad is good?,,
"Jan 25, 2023, 10:06",tomorrow starts in green,,
"Jan 25, 2023, 10:05",This is pathetic ,,
"Jan 25, 2023, 10:05","inline, which is why they cutting jobs. otherwise it's gona be painful next earnings",,
"Jan 25, 2023, 10:04",missed both goes up all you need to know,,
"Jan 25, 2023, 10:03","not bad ,surprised ",,
"Jan 25, 2023, 10:02",Slightly missed the estimate.,,
"Jan 25, 2023, 09:52",ski jump,,
"Jan 25, 2023, 09:33",at what time will earnings release ??,,
"Jan 25, 2023, 09:25",No sure on earnings but im loaded on sqqq calls,,
"Jan 25, 2023, 09:05",Thing is with earnings these days is that u never know how the market will react. And by market i mean frequency trading since big companies want retail investors to loose money. Common sense says that if we see earnings less than estimates msft should drop even though we might see the exact opposite. The market will be fair once frequency trading is banned ,,
"Jan 25, 2023, 08:01",What results are expected today?,,
"Jan 25, 2023, 04:42",ready for a huge drop after close?,,
"Jan 24, 2023, 08:16",Airbnb..... will reach the same!!,,
"Jan 24, 2023, 05:16",It wont even come close to estimate earnings ,,
"Jan 21, 2023, 10:27",WOW. Netflix pull MSFT up. Nice.,,
"Jan 19, 2023, 15:16","Window 10 home sucks as it requres to go to the Setting for re-activation , not user friendly at all ",,
"Jan 18, 2023, 20:25",time for satya to half salary,,
"Jan 17, 2023, 11:17",Till they will not clean internet from shit what they did them income will be smaller it is chaos and propaganda with covidism ukraine,,
"Jan 17, 2023, 11:08",google can not sell ads microsoft too because it is sick algorithm and you must avery day do mess so your web is lost in mess ,,
"Jan 14, 2023, 24:12",خزىززى ,,
"Jan 10, 2023, 22:53",Aehr test systems up.... 31...,,
"Jan 10, 2023, 04:59",if chat gpt is integrated with Microsoft products it will be a game changer ,,
"Jan 07, 2023, 10:26",I am back.,,
"Jan 07, 2023, 09:00",235 next week,,
"Jan 07, 2023, 03:47",Aehr test systems up up,,
"Jan 06, 2023, 10:14",200$ entry zone,,
"Jan 05, 2023, 07:56",Is Billy Bob Gates still making money to use for his NWO agenda? Clot shot people are asking. Less of them every day but before they starve to death at least. ,,
"Jan 05, 2023, 07:19",calling expert 🤡 Samui to enlighten on pc revenues. ,,
"Jan 05, 2023, 04:36",Why down ?,,
"Jan 05, 2023, 04:10",Anything sells off with an excuse,,
"Jan 05, 2023, 04:01","pt lowered to 250, so 10% upside still and it falls 4%... makes sense",,
"Jan 04, 2023, 06:14","This was just 100 few years back,  now not even my dog cares for laptop. ",,
"Dec 30, 2022, 24:51","The fall has stopped. Now everything will depend on the company's reporting in January 2023. Don't expect the stock market to fall in the next 4-5 weeks unless the blue chips perform poorly, and they are unlikely to perform poorly in Q4 2022.",,
"Dec 28, 2022, 14:03",still very expensive.  it will fall to $10  next year.,,
"Dec 28, 2022, 06:28",it's either macbook or iPad or phone. laptop is done. ,,
"Dec 28, 2022, 06:27",next tsla.. just watch.. not even a dog is buying laptops,,
"Dec 23, 2022, 04:12",below 1.5T valuation ist fine for me.then i buy.,,
"Dec 20, 2022, 07:57",haven't used personal laptop in like 6 months now. zero change. ,,
"Dec 13, 2022, 05:07",Back to 300,,
"Dec 13, 2022, 03:51","Above 255 huge short covering expected may lead to 275, lets see who wins 😅",,
"Dec 08, 2022, 05:53",aehr test systems rocket ,,
"Dec 08, 2022, 05:02",283 coming soon,,
"Dec 01, 2022, 10:10","I'm kind of kicking myself I could have probably cash out on my calls, I gave up on them there were four $8 calls, $8 in value I mean. I checked my account when I got off work $1,200 the ***happened! ",,
"Nov 30, 2022, 07:26",I mean &quot;around&quot; here.,,
"Nov 30, 2022, 07:25",Only SPAM aroun here! sad.,,
"Nov 18, 2022, 17:12",Warren Buffett says. You can't beat the market but You can beat your meat .,,
"Nov 17, 2022, 13:42",waitting run.,,
"Nov 11, 2022, 18:49",Happy weekend and  still up for next week.,,
"Nov 11, 2022, 14:58",So happy. Lets go party.,,
"Nov 11, 2022, 10:22",Join MSFT Club. You will be rich.,,
"Nov 11, 2022, 09:49",Yes . V type 254 go.,,
"Nov 10, 2022, 23:13",$200.00  not my dream !  November will be very red !,,
"Nov 10, 2022, 13:47","superbulls buying with bothhands 🙌 next turn upwards and they will be praying🙏 ohh Jesus, cheers 🥃🐻",,
"Nov 09, 2022, 23:36",Stong buy. Waitting for G20 open.,,
"Nov 09, 2022, 04:39",told u...ez money.. ,,
"Nov 08, 2022, 12:29",254 Go,,
"Nov 07, 2022, 13:25",254,,
"Nov 05, 2022, 08:55",Great. V type.,,
"Nov 05, 2022, 06:32","225 trgt.. fibo , support, trend line 2x, diamond bottom..",,
"Nov 05, 2022, 06:23",maybe fiamond as well.. but Diamond for sure 😃,,
"Nov 05, 2022, 06:22",fiamond bottom.. uppp,,
"Nov 04, 2022, 23:17",buy call 230 expiry next friday,,
"Nov 04, 2022, 13:48",Dont give up.,,
"Nov 04, 2022, 09:01","the days of being able to demand any price are over. Customers will reorient themselves and reduce their dependency and costs. that can already be felt today. In addition, Microsoft has thousands of employees in many countries, but does not offer any training for school leavers. As an investor, I would like a proper dividend. So who should consider Microsoft as an investment and make a profit?",,
"Nov 04, 2022, 08:32","I'm not suprised about the drop. MS will go down to 150 and then deeper, possible to 50-80",,
"Nov 04, 2022, 02:10",170 in December ,,
"Nov 04, 2022, 01:05",Start off down. Rallies mid morning  ,,
"Nov 03, 2022, 18:43",or 257,,
"Nov 03, 2022, 18:41",262,,
"Nov 03, 2022, 13:41",$180 ,,
"Oct 31, 2022, 20:21",Omg… i love this site… getting pretty good results….gonna do my best to minimize my number of trades with this and maximize my profits… awesome guys. Thanks. ,,
"Oct 31, 2022, 03:16",this one drop so little.... want to drop more. more!,,
"Oct 29, 2022, 22:21",The page has to get rid of spams ,,
"Oct 28, 2022, 15:20",stong buy again.,,
"Oct 28, 2022, 13:52",looks like a great time to buy a profitable company. Microsoft owned by so many. 30% return on equity.,,
"Oct 28, 2022, 07:45","not many ppl short this, I think this has long way down. ",,
"Oct 28, 2022, 02:15",yep not bottom yet ,,
"Oct 27, 2022, 22:36",225 215 205 195 coming haha,,
"Oct 27, 2022, 20:49",I sold two days ago did you and buy the dip but not yet wait ,,
"Oct 27, 2022, 07:58",all these crypto scams spoiled this app,,
"Oct 27, 2022, 02:25",200 we can see today ,,
"Oct 27, 2022, 01:47","This is depressing, people overselling",,
"Oct 26, 2022, 22:59",tech will  lead the next leg down for SP500 target 3300 - 2800 GL TECH BOYS,,
"Oct 26, 2022, 20:02",190 incoming !!!,,
"Oct 26, 2022, 16:20",200 today coming is peanuts ,,
"Oct 26, 2022, 11:08",hey,,
"Oct 26, 2022, 11:03",Why the sell-off after hours?,,
"Oct 26, 2022, 09:11","there is a reason for down , must be ",,
"Oct 26, 2022, 08:46","No reason to be down , great earnings",,
"Oct 25, 2022, 23:36",be ready after earning we can see 20% cut minimum. ,,
"Oct 25, 2022, 05:57",Bug on earnings date? It should be tomorrow 25th after hours? ,,
"Oct 24, 2022, 18:10",Hello,,
"Oct 22, 2022, 09:47",can anyone teach me about this I'm new here,,
"Oct 22, 2022, 07:54","add long before close market and if this down then buy more , invtg sell me panic panic , I am buying more",,
"Oct 20, 2022, 17:53",I am the kiss of death I buy tech energy goes up and oil I sell tech every and oil tank andctech goes up ,,
"Oct 20, 2022, 09:03",Bug??,,
"Oct 15, 2022, 04:48",🚀🚀,,
"Oct 14, 2022, 11:33",LoL,,
"Oct 14, 2022, 04:53",deal with Meta and Microsoft for metaverse,,
"Oct 14, 2022, 02:13",So Strong ,,
"Oct 14, 2022, 02:11",lol,,
"Oct 14, 2022, 01:29",210 strong buy.,,
"Oct 13, 2022, 01:37",186 coming soonnnnn...,,
"Oct 11, 2022, 07:45",buying,,
"Oct 11, 2022, 02:13",good price,,
"Oct 10, 2022, 22:16",Microsoft 180 coming soon...,,
"Oct 08, 2022, 19:08",long way down to $70 bucks,,
"Oct 08, 2022, 07:37",fair price...120,,
"Oct 08, 2022, 01:51",how do i make money,,
"Oct 06, 2022, 11:23",So happy. ,,
"Oct 05, 2022, 11:33",My favorite MSFT is back.,,
"Oct 01, 2022, 01:07",valuable comp but dont buy now,,
"Oct 01, 2022, 24:52",this Dee state stock will go to zero!,,
"Sep 30, 2022, 11:14",Waitting  MSFT back.,,
"Sep 29, 2022, 12:02",Bravo. MSFT is back.,,
"Sep 27, 2022, 10:02",naber,,
"Sep 27, 2022, 08:45",200$ will be nice to see and buy ,,
"Sep 26, 2022, 22:02",when the big boys start falling....lol..all ******breaks lose,,
"Sep 26, 2022, 18:15",hi,,
"Sep 24, 2022, 08:56",Oct is good for it.,,
"Sep 24, 2022, 08:56",It is time to buy MSFT.,,
"Sep 24, 2022, 02:58",216 coming very soon…🔻🔻🔻,,
"Sep 23, 2022, 12:07",APPLE and MSFT is my core position.,,
"Sep 22, 2022, 03:05","management still expects double-digit revenue and operating income growth in the fiscal 2023 year, despite concerns over a recessionary macroeconomic environment.",,
"Sep 22, 2022, 02:42","it's good stock to buy , everything can crash but you still will need Microsoft on ur daily needs ",,
"Sep 21, 2022, 06:24","Is going to drop, don't buy at all ",,
"Sep 21, 2022, 01:32",buy the dip,,
"Sep 20, 2022, 21:00",Dont worry. MSFT is nice stock in the world.,,
"Sep 20, 2022, 10:26",10%_up_as_small_correction,,
"Sep 20, 2022, 08:29",buying,,
"Sep 20, 2022, 04:48",Why is Microsoft always down? lmao,,
"Sep 20, 2022, 04:26",Hapea,,
"Sep 20, 2022, 03:02",heyy green please,,
"Sep 19, 2022, 23:39","Crash again , the market is fired wallets , no more trading ",,
"Sep 18, 2022, 17:10","&quot;If he is elected, the stock market will crash&quot;",,
"Sep 17, 2022, 02:23",buying,,
"Sep 16, 2022, 04:28",slow down in world ,,
"Sep 15, 2022, 13:17",why so many creep ads here,,
"Sep 08, 2022, 24:36",You know things are bad when you can't find cheap used Windows licenses on Amazon anymore. And normal prices go up!,,
"Sep 07, 2022, 08:06",hola como estas soy junior desde República Dominicana como puedo retirar ,,
"Sep 07, 2022, 03:07",⬆️🆙⬆️🆙⬆️🆙 going up from here,,
"Sep 02, 2022, 22:19",Nasdaq is dangerous. Run.,,
"Sep 02, 2022, 11:41",Nasdaq is  Bear market.,,
"Sep 02, 2022, 08:13",why is Microsoft down everyday?,,
"Sep 02, 2022, 07:57","buying, energy regulation plan in EU in two weeks",,
"Sep 02, 2022, 06:20",buying tech,,
"Sep 02, 2022, 01:45",Sell Nasdaq index.,,
"Sep 02, 2022, 01:43",Bear market.  But MSFT still hold position. ,,
"Sep 01, 2022, 19:13","MSFT is a long turn position , dont worry about it.",,
"Sep 01, 2022, 19:12",Nasdaq 10400 . MSFT about 220. FED wish.,,
"Sep 01, 2022, 17:09",220 maybe. But MSFT never end.,,
"Sep 01, 2022, 11:48",Sad. Sept. first falling means Bear market is coming.,,
"Aug 29, 2022, 14:49",no need to worry here,,
"Aug 27, 2022, 13:15",very bearish. this stock is on brink of a fall till 200 in next 4 years.,,
"Aug 27, 2022, 08:06",This is a buy @150$,,
"Aug 24, 2022, 11:36",Still good.,,
"Aug 24, 2022, 04:47",Ytd trade app gave MSFT in its daily buy list. Bull is coming if they have given.They gave early target for over 293 and stop loss price as 269.10 Good luck,,
"Aug 23, 2022, 13:36",dont worry,,
"Aug 16, 2022, 08:47","We are in the money, DO NOT PULL...",,
"Aug 13, 2022, 24:52",Start off with small jump for Bulls ,,
"Aug 12, 2022, 22:57",Made 150% on my investment since end of 2020. GO MSFT GO LONG!,,
"Aug 12, 2022, 02:22",Maybe a dip down to 159,,
"Aug 11, 2022, 03:35",MSFT cannot be manipulated ... it's not partying ,,
"Aug 11, 2022, 24:21",350 easy eoy,,
"Aug 10, 2022, 14:31",up you go,,
"Aug 10, 2022, 01:14",Warren buffet say this share price is go up buy,,
"Aug 08, 2022, 08:35",Invest in what you use daily because you believe in the company and the product.  ,,
"Aug 04, 2022, 07:15",Amazing company ,,
"Aug 04, 2022, 02:08",Is it because of netflix acquire or smth else,,
"Aug 03, 2022, 14:31",No need to worry. we will be fine,,
"Aug 02, 2022, 21:33",I sold off everything need to wait Pelosi is about to put a huge dent in alot of things she is a witch ,,
,"MSFT grew by leaps and bounds in its early days, and is still here to bring back more returns, often in stiff competition with Apple,however seeming like its bringing back bigger numbers then them recenetly, even after the exit of its founders.",,
"Aug 02, 2022, 15:51",Why are people believing the new definition of Recession? The US has suffered two quarters of negative growth..that is a Recession.,,
"Aug 02, 2022, 02:56",Fed buying stocks hand over fist.  Midterms are coming,,
"Jul 29, 2022, 17:38",this is a good thing for the job,,
"Jul 29, 2022, 03:30",Only fool bets against msft monopolistic company,,
"Jul 29, 2022, 02:49",soon it will give a level 300 in upcoming 2-3 days.. buy as soon as possible ,,
"Jul 29, 2022, 02:26",microsoft would be world largest IT company or world largest company target $400 ,,
"Jul 29, 2022, 24:08",Back to 155. GL!,,
"Jul 28, 2022, 08:57","Ok, so Meta, Alphabet and Msft all delivered lower than forecast on eps and revenue. ",,
"Jul 28, 2022, 04:22",before next quarter result you will get for 212,,
"Jul 28, 2022, 04:15","JPOW buying a lot of stocks today. God bless central planning, eh Comrades?",,
"Jul 28, 2022, 03:15","Over pessimistic markwt, microsoft should trade higher valuation. ",,
"Jul 27, 2022, 19:11",Long turn hold. good.,,
"Jul 27, 2022, 10:25",Thank you for fake. I sold everything. Stupid,,
"Jul 27, 2022, 09:13",Microsoft missed revenue and EPS.  ,,
"Jul 27, 2022, 08:50","MSFT is a long-term buy and hold. 48 analysts follow it, and 46 rate it buy or strong buy. Avg target price $360.",,
"Jul 27, 2022, 08:29",tomorrow up or down  ? ,,
"Jul 27, 2022, 08:28",Priced in!,,
"Jul 27, 2022, 08:26",fced,,
"Jul 27, 2022, 08:24",Still better than last quarter,,
"Jul 27, 2022, 06:57",another brutal day for many I guess if you bought 1000 shares of 3m you are happy otherwise people are losing thousands and thousands thanks Joe great job ride your bike don't worry give Pelosi more ice cream and raise the rent ,,
"Jul 27, 2022, 05:22",No shot 200 coming,,
"Jul 26, 2022, 20:14",Msfy will beat,,
"Jul 26, 2022, 03:37",300 ☕ very optimistic earning ,,
"Jul 25, 2022, 13:37",focus on the long term,,
"Jul 25, 2022, 02:59", Hold short order.,,
"Jul 22, 2022, 24:21",MA5 going up for another bullish week ,,
"Jul 21, 2022, 14:54",green bulls for the week,,
"Jul 19, 2022, 11:01",It took 15 years after the .com meltdown for this company to make new highs.. ,,
"Jul 19, 2022, 02:36",bullsht,,
"Jul 17, 2022, 16:08",buying netflix?,,
"Jul 17, 2022, 06:39",So ********ed coukd havw made 40k on option swing yesterday. 259 to 255 in minutes,,
"Jul 16, 2022, 02:22", over valued rulers!45 for years..lol ok ill let you have 90. just like apple.ha ha ha ha,,
"Jul 15, 2022, 11:55",Hold.  Dont sell. ,,
"Jul 15, 2022, 03:42",Bought,,
"Jul 13, 2022, 12:54",Still hold. Follow Pelosi's call.,,
"Jul 13, 2022, 05:20",Doing well for a seven yr investment. Now how to get the earnings in my pocket though? First timer here little advice,,
"Jul 12, 2022, 03:39",266.80 closing ,,
"Jul 09, 2022, 03:20",Do you folks think this is going back down still untill end of July with the bleak market news coming out?! ,,
"Jul 08, 2022, 13:42",We dont pay a subscription for SPAM. give them feedback and tell them that !! i am tired of blocking spam peeps .. our word means something,,
"Jul 06, 2022, 14:31",bravo,,
"Jul 04, 2022, 18:47","i want to invest but who will help to make profit, I don't want to suffer lost again",,
"Jul 03, 2022, 05:43",There is a huge demand for the Bera share in the Turkish stock market.  It's a very profitable business.,,
"Jul 01, 2022, 13:44",enjoy your friday,,
"Jul 01, 2022, 08:34",293 Soon,,
"Jul 01, 2022, 04:20",i would sell this before the long weekend ,,
"Jun 30, 2022, 13:25",so far so good,,
"Jun 30, 2022, 01:42",still green ???,,
"Jun 25, 2022, 03:26","New laptops , heavy  expensive , full of stupidity , a big step backwards..windows 11 intrusive and disgusting ..a p/e ratio  of 30 years plus . doomed ,  120 coming soon ",,
"Jun 23, 2022, 15:10",Never lose heart,,
"Jun 22, 2022, 15:24",This is it,,
"Jun 22, 2022, 03:36","W gap up, going high now",,
"Jun 21, 2022, 14:48",Overall good here,,
"Jun 20, 2022, 20:09","it is very reassuring so see a lot of negative comments, time to buy",,
"Jun 19, 2022, 03:00",Microsoft Gaming to see robust growth over next 12 month- Morgan Stangley,,
"Jun 17, 2022, 03:41",time to panic 🚨 🚨🚨,,
"Jun 17, 2022, 03:12",$220 ,,
"Jun 17, 2022, 02:51",100,,
"Jun 16, 2022, 21:48",All gains to be wiped away at opening and I predict a day that will live in infamy thus could be a severe 1200 point negative day huge huge sell off ,,
"Jun 15, 2022, 23:50",Has to do a deeper dive sometime. Inflation and rates are hiking.This is getting less and less attractive with this PE. I would be a happy man if I could secure some MSFT below the 200 level.,,
"Jun 15, 2022, 13:29",Strong and solid.,,
"Jun 14, 2022, 05:35",will go to 150 at least....covie bottom for sure ..maybe less,,
"Jun 11, 2022, 04:37",time to buy for me : long from 254.70,,
"Jun 11, 2022, 02:54",To the ground!,,
"Jun 09, 2022, 11:11",295 soon.,,
"Jun 08, 2022, 19:39",lol,,
"Jun 08, 2022, 12:35",Pelosi Call.,,
"Jun 03, 2022, 14:01",If it hill 277 than most likely down trend,,
"Jun 03, 2022, 12:58",Funny. Hold.,,
"Jun 03, 2022, 06:47",What a move! MSFT should give a warning every day. ,,
"Jun 03, 2022, 04:47",This stock is for idiotproof and very safe all the time,,
"Jun 02, 2022, 05:59",200 -250,,
"May 31, 2022, 14:52",Strong stock ever,,
"May 28, 2022, 20:50",Vikash kumarp,,
"May 27, 2022, 13:52",GAP -13%. Poor uniqlo.,,
"May 27, 2022, 13:47",Japan Yen up. so NK255 weak.,,
"May 27, 2022, 13:13",Sell 26840 Buy 3710,,
"May 27, 2022, 13:10",OK. Quit NK255  to Euro50,,
"May 27, 2022, 13:03",Damn it. Uniqlo sucks.,,
"May 27, 2022, 12:55","MSFT will back for 2 DAYS I think,,But still hold.",,
"May 27, 2022, 12:53",nk225 is weak today again.,,
"May 26, 2022, 20:47",nk255 is weak . sell for a while.,,
"May 26, 2022, 11:48",But only under dsicussion.,,
"May 26, 2022, 11:44",Big News. China want to pay 80% people 1000 Yan each.,,
"May 26, 2022, 10:47",So happy.  4 days new high. HOLD.,,
"May 25, 2022, 19:48",My favorite stock. All in. 253..4,,
"May 25, 2022, 18:28",Follow me.  Hold 14 months.,,
"May 24, 2022, 12:17",Hold 14 months to be rich.,,
"May 24, 2022, 12:14",UP . UP. UP to 480,,
"May 24, 2022, 08:11",long hard road outta ********,,
"May 23, 2022, 19:49",A good time to all in?,,
"May 20, 2022, 13:49",Strong buy. A50 weekly high.,,
"May 20, 2022, 11:56",Wanna to be rich. All in MSFT now.,,
"May 20, 2022, 11:50",Follow NK225 and EURO50. ,,
"May 20, 2022, 10:32",73%,,
"May 20, 2022, 08:00",253.2,,
"May 20, 2022, 07:43",All in to rich.,,
"May 20, 2022, 07:43",now. I all in MSFT. HOLD to 480 till 2024.,,
"May 20, 2022, 06:10",up.......n down......up......n down.......win.......n.....win......wait for tomorrow Bulls,,
"May 19, 2022, 18:11",Gonna bounce back soon.,,
,ex dividend day tomorrow!,,
"May 17, 2022, 14:05",Bounce back soon.,,
"May 13, 2022, 16:22","310 , and  then 480 go.",,
"May 13, 2022, 12:06",nk225 very strong. UP,,
"May 13, 2022, 09:40",255.35('1.99/o,,
"May 13, 2022, 09:40",msft.ovorol,,
"May 13, 2022, 06:53",quitting forever ,,
"May 13, 2022, 01:28","Now ,Buy every Dips in Index Also As not seeing Anymore huge correction &amp; If crosses Resistance then it'll go up more",,
"May 12, 2022, 08:31",What price point for entry back into Microsoft??,,
"May 12, 2022, 06:44",strong buy.,,
"May 12, 2022, 02:45",triangle forming...,,
"May 11, 2022, 22:00",380 go,,
"May 11, 2022, 17:53",$MSFT the #17 stock that institutions are trading with 11.9K options contracts.,,
"May 11, 2022, 15:10","Today is just the trailer, movies soon.",,
"May 11, 2022, 02:09",Good buy!!!,,
"May 10, 2022, 09:06",220$ first buy,,
"May 10, 2022, 01:02",Today is going to be carnage. More bleeding :-(,,
"May 09, 2022, 01:51",Nice volume. Lots of buyers here the last week!,,
"May 05, 2022, 14:19",Good days ahead.,,
"May 05, 2022, 08:37",Bull market again.,,
"May 04, 2022, 04:13",it has fallen more than what it has fell in COVID crash,,
"May 03, 2022, 24:39",infilation is 8.5% msft 10% probably will make more too,,
"May 01, 2022, 11:53",after all these years of being in business! and Microsoft still hasn't built any solar projects! Strong sell,,
"Apr 30, 2022, 09:03",Still my love. Hold forever.,,
"Apr 29, 2022, 17:13",Great Job. Japan goverment.  Best market in the world.,,
"Apr 29, 2022, 14:00",nk225 is still strong. Hold and wait till tomorrow.,,
"Apr 29, 2022, 13:39",Hope patience will be rewarded.,,
"Apr 29, 2022, 10:08",MSFT -0.21% APPLE -4%. Good. MSFT strong buy.,,
"Apr 29, 2022, 09:46",MSFT strong buy.,,
"Apr 29, 2022, 09:45",340 go,,
"Apr 29, 2022, 04:04",buy target 350 ,,
"Apr 29, 2022, 24:23",Sundial Growers rises as Q4 results beat forecasts https://seekingalpha.com/news/3828414-sndl-stock-rises-as-company-beats-q4-forecast,,
"Apr 28, 2022, 15:02",investing.com is infested with spammer bots and moderators are sleeping like biden 😴,,
"Apr 28, 2022, 13:55",12 next comments are freaking spam!,,
"Apr 28, 2022, 09:45",comments section has gone to the spam dogsMicrosoft going up on Office revenue is like flies on a dead horse. office is product that CIOs waste money on. At least two free alternatives.  This compares to gates paying for underage.....,,
"Apr 28, 2022, 09:36",Apple just broke today comare to Microsoft,,
"Apr 28, 2022, 05:33",volume up. people buying microsoft,,
"Apr 28, 2022, 05:01",This stock holding up the whole mkt.. might close around 280 n Dow -200 by close,,
"Apr 28, 2022, 04:34",good goood goood,,
"Apr 28, 2022, 03:16","Becuase of you, Nsadaq is still green",,
"Apr 28, 2022, 01:46","-2B profit and stock +5%, scam",,
"Apr 28, 2022, 01:21",sell only sell finish the American party ,,
"Apr 27, 2022, 20:51",p/e almost 30? lol,,
"Apr 27, 2022, 20:47",this gains will never hold. wait for Monday/Tuesday fed rate hikes. ,,
"Apr 27, 2022, 20:28",Ape together STRONK,,
"Apr 27, 2022, 17:59",You hold for me. I hold for you.,,
"Apr 27, 2022, 13:32",Stay calm. Hold for another week.,,
"Apr 27, 2022, 13:30",MSFT $270.22 -3.74% @ Close! (Earnings) ,,
"Apr 27, 2022, 12:32","I suggest more of you send feedback, these spammers are out of control.",,
"Apr 27, 2022, 09:55","I would like to ask an question: Do you have any suggestion of any stock that possibly be next google, apple or tesla next 5- to 10 years.. Any ideas.. Thanks in advance..",,
"Apr 27, 2022, 09:39",Go MSFT,,
"Apr 27, 2022, 09:05","MSFT good report, why the sale?",,
"Apr 27, 2022, 08:49",Can't wait to see the guidance. Hope it is grim so I can buy cheaper.,,
"Apr 27, 2022, 08:27",greatest hedge to inflation are stocks.   Melt up coming foos,,
"Apr 27, 2022, 08:27",all companies are adjusting to the high inflation and interest rates..buy the fing dip,,
"Apr 27, 2022, 08:25","This is still making growth 14% in EPS YoY and 18% in revenue YoY, in this hard time of macro economy. Amazing ",,
"Apr 27, 2022, 08:18",what is with the bots these days? infecting everything from YouTub to investopedia ,,
"Apr 27, 2022, 08:13",saadibrahim ,,
"Apr 27, 2022, 08:07",rip,,
"Apr 27, 2022, 07:03",soy de argentina desde que conoci a Carlos Salvador Bilardo siempre sali campeon,,
"Apr 27, 2022, 07:02",Buy into the close,,
"Apr 27, 2022, 03:59",Buying this at $100-120 area,,
"Apr 27, 2022, 02:08",sell 276.20 target zone 270 stop loss 279,,
"Apr 26, 2022, 18:52",did microsoft buy ubisoft?,,
"Apr 26, 2022, 18:31",MSFT beats earnings $$$$$,,
"Apr 26, 2022, 13:31",Bulls!,,
"Apr 26, 2022, 13:27",Glad to see bulls come back.,,
"Apr 26, 2022, 08:16",MSFT to $245 after earning then will moon to $400 ,,
"Apr 26, 2022, 07:38",who is buying it's short covering mode nothing can stop short covering is 10 times powerful than long u winding remember that ,,
"Apr 26, 2022, 07:30",results stocks are all good bets down side games are over ,,
"Apr 26, 2022, 07:27","darn bots,. do something admins ",,
"Apr 26, 2022, 02:13",anyone get some at 271ish?? let's go scared money don't make money baby,,
"Apr 25, 2022, 13:46",I hold for you and you hold for me.,,
"Apr 24, 2022, 13:54","Nasdaq is over for next couple of years. Inflationary period starts, money will rotate to commodities like gold and platin.",,
"Apr 23, 2022, 08:36","Look this market is giving right now Coce KO a 30PE and MSFT a 29 PE. KO has declining revenues since 2008 and grows at 5%, MSFT grows at 20%. Still, MSFT is struggling while KO is at ATH",,
"Apr 22, 2022, 02:31",OK. buy again.,,
"Apr 22, 2022, 01:59",OK. Quit Nasdaq and buy DJs for a short time.,,
"Apr 21, 2022, 13:47",NK225 nice show. Great job for Japan govermnet.,,
"Apr 21, 2022, 12:11",Follow NK255.,,
"Apr 21, 2022, 12:10",292-293.,,
"Apr 21, 2022, 12:08",Hold and wait. up！,,
"Apr 20, 2022, 12:37",japan NK225 weekly high. Congrats. Still hold and up.,,
"Apr 20, 2022, 06:08",293-294,,
"Apr 20, 2022, 05:39",Look Japan Yan and NK225. The market will still go up.,,
"Apr 19, 2022, 19:55",Dont give up. Inflation make the market strong. ,,
"Apr 19, 2022, 04:50",I dont think this stock should go lower. If you agree this might be a good stock to buy. ,,
"Apr 18, 2022, 13:30",Dont suprised if nothing happen this week,,
"Apr 15, 2022, 11:53","Only Nasdaq in bear market. Why? NK, DJS are still strong.",,
"Apr 14, 2022, 19:30","follow Nk225, 294 Go.",,
"Apr 14, 2022, 13:56",SPAM is crazy lately on this app.,,
"Apr 14, 2022, 13:54",SPAM is crazy lately on this app.,,
"Apr 14, 2022, 12:11",Japan market strong. Still hold.,,
"Apr 14, 2022, 05:54",Que saquen ya el windows 12 para conseguir ampliar su bolsa.,,
"Apr 14, 2022, 04:38",Thx for the money bears,,
"Apr 13, 2022, 21:02",Tank city ,,
"Apr 13, 2022, 17:58",UP tonight.,,
"Apr 13, 2022, 14:33",Japan is so strong. Dont worry.,,
"Apr 13, 2022, 14:04",Just hold. Waitting for 318 .,,
"Apr 12, 2022, 23:22","this is going to 400 once markets settle down... 1-2 years things are gonna be great for tech giants!! Long-term stock, PERIOD",,
"Apr 12, 2022, 13:32","Cheer up msft, we are here for you.",,
,OK guys I need some help I bought this stock at $309 I lost a lot in the past 2 weeks should I sell or keep holding I'm talking a lot of money 💰 ,,
"Apr 12, 2022, 06:24",OK guys I need some help I bought this stock at $309 I lost a lot in the past 2 weeks should I sell or keep holding I'm talking a lot of money 💰 ,,
"Apr 12, 2022, 04:51",buy the dip...ATHs by end of May IMO,,
"Apr 12, 2022, 02:45",pe 21 or a earnings -708% lower lol,,
"Apr 12, 2022, 02:28",My only regret right now is not having more cash to deploy to snap up this stock. What a bargain. A lot of shorts are going to get buried off the back of this move. Betting against MSFT is like betting the sun is not going to rise. ,,
"Apr 12, 2022, 02:05",down more than Tesla.... too funny.,,
"Apr 08, 2022, 06:17",288,,
"Apr 08, 2022, 02:55",up.,,
"Apr 07, 2022, 02:12",What happened? 300 ,,
"Apr 05, 2022, 21:01","off topic bit:  if u ever did play age of empires, or zoo tycoon  u had a great youth :) ",,
"Apr 02, 2022, 05:37",🚨🚨🚨,,
"Mar 29, 2022, 21:25",strong buy forever.,,
"Mar 24, 2022, 10:05",still srong buy.,,
"Mar 24, 2022, 04:06",baba -alibaba- is bursting 118 from 78 and will be up to 250 in a month. thank me later!,,
"Mar 23, 2022, 11:22",Bull market forever.,,
"Mar 23, 2022, 05:10",One of the best stocks in the entire market ,,
"Mar 17, 2022, 09:10",Hold one year. ,,
"Mar 16, 2022, 20:38",My 293 is coming.,,
"Mar 16, 2022, 19:07",Strong buy. Asia is very strong now.,,
"Mar 16, 2022, 11:07",Strong buy . 550 go.,,
"Mar 16, 2022, 06:06",ok。Bull market.,,
"Mar 15, 2022, 11:51",Dont give up. Waitting for the sun rise.,,
"Mar 14, 2022, 23:43",ok so now apple may go down and this goes up...hold on ,,
"Mar 14, 2022, 21:57",293 Soon.,,
"Mar 14, 2022, 21:45","Asia and Euro are strong now. Just hold, dont worry.",,
"Mar 14, 2022, 12:43",Hold my 286 position. Japan market is strong now. Still safe.,,
"Mar 13, 2022, 14:33",Bear market!!,,
"﻿""Mar 13",2022," 03:25""",is this a buy?
"Mar 12, 2022, 05:32","SHORT SQUEEZE:  What happens when investors take delivery of all stock  certificates and take physical delivery of all precious metals.  There  will not be enough to go around,.  Shorts will have to cover, or the  Brokerage firms will be liable to!",,
"Mar 12, 2022, 04:29",then sell 292 tonight.,,
"Mar 12, 2022, 04:27",286 BUY short turn.,,
"Mar 12, 2022, 03:56",ok。no strong. Run again.,,
"Mar 12, 2022, 03:01",Lower soon?,,
"Mar 11, 2022, 10:08",urrr...  I am wrong. 293 first. ,,
"Mar 11, 2022, 06:50","Short turn 270, LONG Turn 500 in 2023",,
"Mar 11, 2022, 06:26",Gloomy seasons are coming. Remember 2008_2012.,,
"Mar 11, 2022, 24:08",255  again.,,
"Mar 10, 2022, 09:42",upside trend has started.. Strong buy..  Target 301..,,
"Mar 09, 2022, 15:33",Asia market strong. I changed my mind. 272 strong buy.,,
"Mar 09, 2022, 09:37",255 go.,,
"Mar 09, 2022, 05:33",250$ next level,,
"Mar 08, 2022, 23:58",this is a great company....but stock is worth max 120$ ...Multi Year TOP is in..u will not see 340 again this decade,,
"Mar 08, 2022, 22:13",Let's thank the worst ticket in our history biden/Harris the pipeline leading to Canada was the first thing he obliterated hows that lookin now and pulling out of afghanastan one blunder after another and gas is 7 &quot;bucks in California housing rentals food in the meantime Pelosi bought a bigger refrigerator for her ice cream ,,
"Mar 08, 2022, 10:51",Buy buy buy dms imaging @0.16 till 0.30 euros to get huge profit as this company is french leader in biotech ,,
"Mar 08, 2022, 04:05",when the bug boys start rolling...the SWHTF,,
"Mar 05, 2022, 04:16",Ooooo,,
"Mar 04, 2022, 06:00",What if iI told you that the Federal Reserve has 9  TRILLION DOLLARS in assets on it's balance sheet?  One of the FED Bank  Presidents just said that the assets will be sold back into the system  as a normal piece of the the interest rate hikes.  That can only be  construed as Quantitative TIGHTENING.   So why do you keep buying on the  long side when YOU KNOW that the FED is selling what you're BUYING and  and has a near INFINITE supply to get rid of?  Look up the phrase  'Cognitive Dissonance' !!!!!,,
"Mar 03, 2022, 08:25",Hi,,
"Mar 03, 2022, 03:30",How can I buy securities,,
"Mar 02, 2022, 23:17","jump out guys,  the war will get bigger ",,
"Mar 02, 2022, 10:11",Going up!!!,,
"Mar 02, 2022, 05:00","Not a good purchase for 68 billion, ATVI with internal workplace issues, with console top game losing popularity plus other out of date mobile phone games, Clash &amp; Crush past growth popularity, stale too, invented back in 2013.Data Center will take a hit too in economic uncertainty. I won't speak of war directly but the overall change in consumer habits from indoor majority to outdoor will effect bottom &amp; top lines of all things tech, w/ businesses spending less on servers, GPU, infrastructure, of web cuz less social media interest. Just ask Facebook",,
"Mar 01, 2022, 07:05",great company..but losing investment for this decade for sure...big bubble like all other tech stocks,,
"Mar 01, 2022, 05:36",297.85 Buy  / Target Zone 305 Short Term ,,
"Mar 01, 2022, 05:03",300 today?,,
"Feb 26, 2022, 02:33",something is ging to confuse..wether price increase or not..🙈🙈🙉👍👍🧘‍♂️,,
"Feb 25, 2022, 23:10",You got to love that income statement chart ... what a beauty.,,
"Feb 25, 2022, 22:26",257 once again. Go.,,
"Feb 25, 2022, 10:02","inflation + interest rates rising + war is not a good scenario for the short term, but today's and tomorrow's highs were worth $, but will fall again next week with support in March at $252..",,
"Feb 25, 2022, 09:54",hahaha it's going up baby,,
"Feb 24, 2022, 19:12",Hi!,,
"Feb 24, 2022, 19:08",Tg 230,,
"Feb 24, 2022, 12:59",257 Go. Run Run.,,
"Feb 24, 2022, 09:58",Sell while you can. This is going to 250-260,,
"Feb 23, 2022, 22:29",Target 297  to 301 then retest 274 in coming week,,
"Feb 23, 2022, 11:37",This is a buy,,
"Feb 20, 2022, 18:56", Microsoft is a bear trend. Short it next two years.,,
"Feb 20, 2022, 13:56",I like the technology ,,
"Feb 19, 2022, 12:18",Call me an alarmist but doesn't the thought of mutual nuclear destruction come into your mind? ,,
"Feb 19, 2022, 07:14",microsoft target 180,,
"Feb 19, 2022, 06:42",WAKE UP,,
"Feb 18, 2022, 20:59",Bought yesterday.. looks like that was support..,,
"Feb 18, 2022, 08:15",9 thumbs down i must be on the right track to 280 ish,,
"Feb 18, 2022, 04:35",It is chance to get MSFT stock. Let' stock it.,,
"Feb 17, 2022, 07:19",I reckon we retest 280 if that does not hold then down to 250,,
"Feb 17, 2022, 06:10","nice movement upwards, lets see if brake 300 area ",,
"Feb 17, 2022, 05:13",i'm wodering if softy has any chance to get back to 310 area next week ,,
"Feb 17, 2022, 04:29",Sell 294.43 Landing Zone 291.50 ,,
"Feb 16, 2022, 20:42","Many investors want to trade successfully. A well intentioned advice. Get rid of media scaremongering and silly gossip and focus on your common sense. It's a shame about all the money that investors lost because they let themselves be influenced by this stupid scaremongering at the beginning of Omicron or the looming war in Russia or etc, etc. etc many many more similar situations. There is no free lunch at the markets. Also there is no perpetuum mobile, which makes everyone a millionaire. But there is your human mind and human ability to discern what is right and what is wrong. I wish you all every success for the future. And one more thing.... excessive national debt and its financing is definitely a problem !!!!! So much said about for the rate hike panic....",,
"Feb 16, 2022, 05:09",Sell MSFT 300.18 Landng Zone 295.00 Short term ,,
"Feb 15, 2022, 09:55",safest harbor in harsh storms.,,
"Feb 15, 2022, 24:29","there will be no war.  This speculation will help the Federal Reserve raise rates by 0,75% in March and not crash the stock market too much.  #stock markets are unloading now..  Bidenomics = recession",,
"Feb 12, 2022, 18:35",Microsoft 400.0 by end of spring,,
"Feb 12, 2022, 13:09",Watch out below. No support till 200. ,,
"Feb 12, 2022, 08:40","As for Putin moving into Ukraine not affecting markets, I think that is a bit naive. The big hit is when Xi sees Putin getting away with it...kiss Taiwan goodbye!",,
"Feb 10, 2022, 02:18",short squeeze might send this to 313,,
"Feb 09, 2022, 08:01",306 close!!,,
"Feb 09, 2022, 07:49","only place to go is down, not up. ",,
"Feb 05, 2022, 03:32","stop-loss at 281, expecting 334 as minimum!!",,
"Feb 04, 2022, 09:36",500,,
"Feb 04, 2022, 05:30",Bad stock ,,
"Feb 03, 2022, 16:08",500+,,
"Feb 03, 2022, 05:27",Buy for 10k! hope the best....,,
"Feb 03, 2022, 04:02",ROCKET! 🚀,,
"Feb 02, 2022, 08:46",drop alrdy so I can buy more!!,,
"Feb 02, 2022, 06:05",Activision deal to be reviewed by FTC.,,
"Feb 01, 2022, 06:33",Why red?,,
"Feb 01, 2022, 06:33",Why?,,
"Feb 01, 2022, 04:08","The Tech Sector bearish run has come to an end, we got bullish confirmation candles on all the big players (AAPL, MSFT, GOOG) and for a final good indication SPY has reversed as well.   All mentioned above still have great entry points. I have bought shares in all including NVDA My opinion is that these r good entry point for long buys.  GL ALL",,
"Jan 30, 2022, 07:31",350 is coming,,
"Jan 29, 2022, 21:25",Buy now or it could be too late.. Microsoft will be the second co. to hit 3 T $ soon..,,
"Jan 29, 2022, 05:39",Those Phantom shorters spouting nonsense from yesterday always disappear when it goes against them...,,
"Jan 29, 2022, 04:42",cheer up,,
"Jan 29, 2022, 04:05",Cmon microsoft deserves better after last earnings,,
"Jan 28, 2022, 08:30",red,,
"Jan 28, 2022, 06:21",retail singh shorted this at 310 heavy and I followed him .... enjoying comment he is different may be he is real insider big bull,,
"Jan 27, 2022, 13:07",The lack of knowledge here is mind boggling,,
"Jan 27, 2022, 10:46",should I buy now or not? suggest,,
"Jan 27, 2022, 10:30",MSFT $296.71 +2.85% @ Close! ,,
"Jan 27, 2022, 09:45",now bulls are became investet for long term 🤣🤣🤣🤣🤣🤣🤣🤣🤣🤣,,
"Jan 27, 2022, 09:08",told u all.... but u guys gave me dislike now you all are in heavy loss and I'm in heavy profits.... u guys didn't like my help so byee 🤣🤣🤣🤣 laughtee,,
"Jan 27, 2022, 07:44","FED will take stage in 20min, cmon guys boost the rally ",,
"Jan 27, 2022, 07:05",dumping dapang dumping dumpung,,
"Jan 27, 2022, 06:49",Are we enjoying ride? :D next station is moon,,
"Jan 27, 2022, 05:59",Maybe a dip down to low 200 $.,,
"Jan 27, 2022, 05:21","If you want to invest in war, pick lockhed martin",,
"Jan 27, 2022, 05:21",What does microsoft have to do with ukraine or russia? It isnt lockheed martin forum lol,,
"Jan 27, 2022, 05:14",nice moves,,
"Jan 27, 2022, 05:02",320,,
"Jan 27, 2022, 04:35","MSFT is not cheap, Putin does not matter anyway.",,
"Jan 27, 2022, 03:33",closing red,,
"Jan 27, 2022, 03:10",Start 315?,,
"Jan 27, 2022, 02:36",Withing 2 weeks will retest around 270,,
"Jan 27, 2022, 02:09",it is only logical 310 min today,,
,"would love a drop belo 270, would buy more!",,
"Jan 27, 2022, 01:20",Road to 400,,
"Jan 27, 2022, 24:41","Those who sold yesturday after market hours at -6% while they already knew the earnings had beaten estimates, and now seeing pre market price at +4%. Its very sad.",,
"Jan 27, 2022, 24:31",Cant wait for market to open. Fasten your seat belts and enjoy the show,,
"Jan 27, 2022, 24:24",same here,,
"Jan 26, 2022, 23:33",Bought at 214.52 in 10.2020 . Still holding,,
"Jan 26, 2022, 23:29",Lets gooo baby,,
"Jan 26, 2022, 23:18",Price target lifted to $400 LFG $-),,
"Jan 26, 2022, 23:08",target 90 eoy,,
"Jan 26, 2022, 19:39",275 tomo ,,
"Jan 26, 2022, 19:02","stocks, what a casino lie...",,
"Jan 26, 2022, 18:25",Microsoft Beats across the board top and bottom line. Sold off on uncertainty of forward outlook and CEO gave what the street was looking for giving a turnaround into the green. ,,
"Jan 26, 2022, 18:20",Obviously Algorithms are trading here. Few seconds after earnings release this was down -4% in the AH. This is what happens to the whole market. Algos get triggered to sell just because the market turned negative lately. ,,
"Jan 26, 2022, 18:18",sell it.,,
"Jan 26, 2022, 13:25",Lol who do you think you are shorting the best company in the world you deserve whats coming tm…,,
"Jan 26, 2022, 13:20",wasn't this down 4 % in the after market a few minutes ago? ,,
"Jan 26, 2022, 12:44",MSFT $288.49 -2.66% @ Close! (Earnings),,
"Jan 26, 2022, 12:30","better outlook in earning call , this might be the shift ev1 was waiting , from -5 to +3 ",,
"Jan 26, 2022, 12:29","Bears seem to be in denial, friends ",,
"Jan 26, 2022, 12:28",bought calls before closing day. I thought I lost all the money. now I have a little hope for tomorrow.,,
"Jan 26, 2022, 12:28",Finally this makes sense OMG. MSFT should aim higher than 300$,,
"Jan 26, 2022, 12:21",what just happen? ,,
"Jan 26, 2022, 12:21",LOL Are you kidding? Look at the moving in after market,,
"Jan 26, 2022, 12:20","Wow, from 273 to 296 just because they didn't put guidance in their earnings report and saved it for their earnings call.",,
"Jan 26, 2022, 12:17",kill da shorties,,
"Jan 26, 2022, 12:17",Now something makes sense fir god’s sake,,
"Jan 26, 2022, 12:10","guess we'll see who's chirping in the morning, and Friday morning after APPL earnings, wow the sky hasn't fallen lol",,
"Jan 26, 2022, 12:09",$290. ***,,
"Jan 26, 2022, 12:09","If anyone's wondering what's happening, they're currently giving guidance.",,
"Jan 26, 2022, 12:08","Growth are slowing as expected. Still 33 percent margin directly from rev. to net income before tax. Impressive as always. Dynamics, azure and linkedin are the biggest growth drivers +38 percent. The price is still expensive and the macros will decrease this price further. Nice long term pick at a much lower price. At 200 im interested.",,
"Jan 26, 2022, 12:05",great earnings. buying if it hits $270 tomorrow,,
"Jan 26, 2022, 11:59",170$ is possible when market will crash more!!!,,
"Jan 26, 2022, 11:59",Crash down tomorrow 240$ i see a stop,,
"Jan 26, 2022, 11:54",Some brokerage will lose many new customers ,,
"Jan 26, 2022, 11:51",And like they are trying their best to make me lose i will do the same 😉,,
"Jan 26, 2022, 11:50",Do u think i dont know who is here and what they are doing ,,
"Jan 26, 2022, 11:40",The best site to know opinions about brokerages and everything it’s Trustpilot ,,
"Jan 26, 2022, 11:29","Oversold can get more oversold, speaking from an experience pov as someone who messed up the Jan 2016 trade of SPY/QQQ which was the reaction to 1st rate hike post 2008.",,
"Jan 26, 2022, 11:27","don't buy msft, buy undervalued gems like AMC,gme, lucid and the likes lol. ",,
"Jan 26, 2022, 11:24",Do you think it can go upto 255?,,
"Jan 26, 2022, 11:22",Better to remove all ur money all brokerage and put the money in something else,,
"Jan 26, 2022, 11:21","let the dust settle, lots can happen overnight and most certainly moving forward, not at all worried good luck y'all",,
"Jan 26, 2022, 11:08",Those $400 analyst price targets are aging well...,,
"Jan 26, 2022, 11:06","Glad I sold all my US Tech stocks last month and bought gold, silver, and foreign value stocks",,
"Jan 26, 2022, 10:56","MSFT is a good stock, bu too expensive . It is more than 10x Sales multiple. I bought it last year in June for 230 and got stopped out at 290. It needs to grow revenue more than 10% and report at least 4 quarters with more than 55b to justify that price or come down to 230, everything else is just gambling...",,
"Jan 26, 2022, 10:53",I knew I should have bought those puts in this market they could have found the cure for cancer to be the first 1T sales company and it wouldn't matter this was going down no matter what because logic doesn't matter in the mkt I just wish I would learn this myself,,
"Jan 26, 2022, 10:49",Hahahahaha windows 11 is king gui,,
"Jan 26, 2022, 10:47",This doesn't make any sense,,
"Jan 26, 2022, 10:43","finally gonna buy some soon, great bargains ",,
"Jan 26, 2022, 10:40",$110 Billion down after hours.  LMFAO.  ********  ,,
,why it is down?,,
"Jan 26, 2022, 10:37",without the market speculation we are experiencing this should be +10% by now and going,,
"Jan 26, 2022, 10:36","LOL.  I mean...I think it's overvalued.  But, really?",,
"Jan 26, 2022, 10:36","this stock is not worth more than 200$, all the pump happened due to Fed liquidity, as the smart money senses the liquidity leave, they are pulling funds.",,
"Jan 26, 2022, 10:35","Dark pools and hedgies, don't try to fight it.  C",,
"Jan 26, 2022, 10:35",earnings call 5:30 pm EST. ,,
"Jan 26, 2022, 10:33","I think it might be the MSFT employess, usually after earnings, the trading window reopens so people affilated with the company can sell/buy the stocks.",,
"Jan 26, 2022, 10:33","Its not strange that Microsoft went down coz of the manipulation as everyone can see that now, thats why u cant be in the market anymore put ur money in another country or another thing this is scam ",,
"Jan 26, 2022, 10:32",eps/revenue inline no surprise at all. I would be surprised if it will hold yesterdays low by tomorrow.,,
"Jan 26, 2022, 10:30","is there anyone who can explain me why in after is 4% down and all results are better than expected. i would highly appreciate, any rational if there is some now days",,
"Jan 26, 2022, 10:29",now up up up,,
"Jan 26, 2022, 10:27",dar she blows the white whale,,
"Jan 26, 2022, 10:26",240$ next for sure!!!,,
"Jan 26, 2022, 10:25",The futures traders are rigging the price flow btw.,,
"Jan 26, 2022, 10:24",dar she blows..,,
"Jan 26, 2022, 10:23",so much hype for nothing much.... And the stock is still going down after market close.. And a p/e of 33... please ....,,
"Jan 26, 2022, 10:23","Keep in mind, smart investors buy in at good earnings.",,
"Jan 26, 2022, 10:22",when is earnings call?,,
"Jan 26, 2022, 10:21",Furthermore what if estimates are so low....,,
"Jan 26, 2022, 10:20",HiI never understand people who are getting so exited about a company beating estimates... When most of us do not know the estimates...,,
"Jan 26, 2022, 10:19","· Revenue was $51.7 billion and increased 20%· Operating income was $22.2 billion and increased 24%· Net income was $18.8 billion and increased 21%· Diluted earnings per share was $2.48 and increased 22%NO guidance have been given yet.  It will be given during the earnings call, which is probably why it's down.",,
"Jan 26, 2022, 10:19",Overvalued poor guidance sorry guys.,,
"Jan 26, 2022, 10:18",Sell Microsoft 240 next,,
"Jan 26, 2022, 10:18",Sell on good news!!!,,
"Jan 26, 2022, 10:18",MSFT had high expectations but still beat it.  The fact that it's down is hilarious,,
"Jan 26, 2022, 10:17",who gives a  ****about company performance,,
"Jan 26, 2022, 10:17",Why is it down in pre? The numbers are better ,,
"Jan 26, 2022, 10:16",beat and beat and down. stock market is one big joke ,,
"Jan 26, 2022, 10:15",this is gonna pop. guidance is key.,,
"Jan 26, 2022, 10:15",Great earnings beating estimate. Sell off after market may reverse to green. Waiting for guidance.,,
"Jan 26, 2022, 10:14",Both beat.. why down?,,
"Jan 26, 2022, 10:14",it will start green tomorrow.,,
"Jan 26, 2022, 10:14",Well there goes the neighborhood qqq is screwed,,
"Jan 26, 2022, 10:12",Results out?,,
"Jan 26, 2022, 10:12","stock market istanbul share code DERIM in the market, the total stock is 7 million shares strong, if there is a stubborn money inflow, the share will be 100 TL.",,
"Jan 26, 2022, 10:11",this has to explode one way or another... such amazing results can't be ignored!!!,,
"Jan 26, 2022, 10:10",please drop like Netflix!! will buy more... they beat estimates.,,
"Jan 26, 2022, 10:09",Sell off at all costs now.  Earning mean jack sht.,,
"Jan 26, 2022, 10:07",The earning beat expected. why dropping,,
"Jan 26, 2022, 10:07",Lol,,
"Jan 26, 2022, 10:06",So the insiders already know its going to tank after poor guidance?,,
"Jan 26, 2022, 10:05",yes,,
"Jan 26, 2022, 10:05",Earnings released?,,
"Jan 26, 2022, 10:05",Jesus!!!,,
"Jan 26, 2022, 09:40",-15% in last 27 days,,
"Jan 26, 2022, 09:23",130bn in cash and reserves buying Activision for 70bn. FCF for the year will probably be around 80-95bn before financial cash flow allocation for 2021. Its a cash flow machine funding everything itself. I must buy for the long-term investor,,
"Jan 26, 2022, 09:08",They say its going to 400 coz of the dealWho knows,,
"Jan 26, 2022, 08:45",I thought about puts earlier today because of the market sentiment but heck now I think calls are the way to go for AH,,
"Jan 26, 2022, 08:23",Call last numbers were bad an its the same level so 50B it will be ist has to be by 320$ in 24h ,,
"Jan 26, 2022, 07:54",puts or  calls aw !,,
,270 after hours,,
"Jan 26, 2022, 07:16",310 after hours,,
"Jan 26, 2022, 06:23","230 soooon , then all IN!!!! ",,
"Jan 26, 2022, 04:51","what time will the earning report, please",,
"Jan 26, 2022, 03:49",Time to buy,,
"Jan 26, 2022, 03:31",310 after earnings,,
"Jan 26, 2022, 01:08",Earnings at what time ?,,
"Jan 25, 2022, 10:56",is it good time to buy? earnings predictions?,,
"Jan 25, 2022, 09:49",up up up,,
"Jan 25, 2022, 09:48",nice bounce,,
"Jan 25, 2022, 07:13",bought at $280,,
"Jan 25, 2022, 06:39",Buying at @100$,,
"Jan 25, 2022, 05:30",310 after er,,
"Jan 25, 2022, 03:42","230 cca -  29.01.2022 ,be smart....",,
"Jan 24, 2022, 20:39","Monthly looks like went through the support line, i really hope it doesn't close this way at the end of the month, hopefully the earnings report will change the direction.",,
"Jan 24, 2022, 07:16",Who believes earnings beat estimates? Stocks price should go up,,
"Jan 22, 2022, 07:25",cant wait for this to hit the fan...i believe we will see 260 soon ,,
"Jan 22, 2022, 03:53",FED should either do rate hike or tapering. It can not do both at the same time same year.. İt would be like double ***to the market and the stocks.. unless FED members sold out their shares..,,
"Jan 21, 2022, 23:44",330+ on wY,,
"Jan 21, 2022, 19:16","Millions saw the apple fall, but Newton was the one who asked why? There are too many similarities between now and the late 1960s and early 1970s, and they cannot be ignored. Back then, inflation was going up about 5%-6% per year — the same as now. And then, in 1973, there was the black swan event — the oil embargo. Oil went from $4 a barrel up to $15 a barrel literally overnight. And that triggered a huge surge of inflationary psychology. And the Fed raised rates aggressively. This time around, however, the Fed will have to give up on raising rates because it will be too painful for everyone.  $150-200 crude by 4th quarter 2022. Caused by lack of investment in production, increased demand, and switch from stocks to commodities when the bond market crisis hits Feb/March 2022...  Gonna be a lot worse guys. Big support from Norway",,
"Jan 21, 2022, 12:15","Wait for 230-250 ,then buy!!",,
"Jan 21, 2022, 11:02",all in,,
"Jan 21, 2022, 09:53",great company...one of the best...i believe we can see this at 220 by end of year....will be a great entry point.mor even 180 or so,,
"Jan 21, 2022, 05:39",Bought some MSFT. This company could turn four digits coming years. ,,
"Jan 20, 2022, 15:26",302-304 is strong support ? it's demand price ,,
"Jan 20, 2022, 06:29",turned on a dime for bears:) longs can just chill'),,
"Jan 20, 2022, 04:04",This is just short covering.  Sell off into the close.,,
"Jan 20, 2022, 04:00",This year Price target is 360 ,,
"Jan 20, 2022, 03:56",The turn on red today will be epic,,
"Jan 20, 2022, 03:54",:),,
"Jan 19, 2022, 16:12",msft bought activision and that why it going down ? ,,
"Jan 19, 2022, 11:09","this company needs to give a 10 dollar dividend  to the owner of this stock,  if they can ****70 billion for a lousy game",,
"Jan 19, 2022, 09:51","MP Materials helps fuel the electrification of global infrastructure. We are the largest producer of rare earth materials in the Western Hemisphere, through our state-of-the-art, zero-discharge operations in Mountain Pass, California. We currently deliver approximately 15% of global rare earth supply with a long term focus on Neodymium-Praseodymium (NdPr), a crucial input to the powering of electric vehicles, wind turbines, drones, robots and many other advanced technologies. As electrification and advanced clean technologies proliferate, MP Materials is the American leader in delivering sustainable products for sustainable industry while also closing a critical gap in U.S. economic and national security.",,
"Jan 19, 2022, 09:29",IT going Down. No problém byť IT more;),,
"Jan 19, 2022, 09:18",10% down in January,,
"Jan 19, 2022, 09:03",going down,,
"Jan 19, 2022, 08:45","MP’s initial magnetics facility in Fort Worth, Texas, will source materials from Mountain Pass, California, restoring a fully integrated U.S. supply chainMP has entered a long-term agreement with General Motors to supply U.S.-sourced and manufactured rare earth alloy and magnets to power more than a dozen models using GM’s Ultium PlatformThe facility will produce NdFeB alloy and magnets with the potential to power approximately 500,000 EV motors per year; a gradual production ramp is expected to begin in 2023",,
"Jan 17, 2022, 10:22",the big players will get the money out while we sleep.  will fall by 25% in the next month😑😑😑,,
"Jan 15, 2022, 03:55","if you didn't buy this yesterday, stop trading please:)",,
"Jan 14, 2022, 14:56",Microsoft is the nasdaq,,
"Jan 14, 2022, 12:15","Funny, if Microsoft crash, whole market will crash with him. :) ",,
"Jan 14, 2022, 11:49","Long Japan yen. AUD, EUR for a while. Short all   the stock market.",,
"Jan 14, 2022, 11:43","So happy, money in account  increase when I wake up.",,
"Jan 14, 2022, 09:51",10 % today? How can be someone so stupid and sell this stock...,,
"Jan 14, 2022, 09:38",FED wants the market go down in summer.,,
"Jan 14, 2022, 09:23",I would buy $MSFT at 25x ntm eaenings,,
"Jan 14, 2022, 09:23",Nasdaq 15250 coming soon.,,
"Jan 14, 2022, 09:18",MSFT in bear market now.,,
"Jan 14, 2022, 09:10",What is the reason for 4 % declne this company by one day? That is just too much.,,
"Jan 14, 2022, 09:04","not good at all, not good",,
"Jan 14, 2022, 09:00",these recent week has produced some more &quot;bagholders&quot;,,
"Jan 14, 2022, 08:58",some retailers think they are getting a good deal...at this price...best company in the world but way overvalued,,
"Jan 14, 2022, 08:47",LOL,,
"Jan 14, 2022, 08:44",go go. ,,
"Jan 14, 2022, 08:38",just a hickup...will be 400 soon,,
"Jan 14, 2022, 08:16",bought it at 309.. ,,
"Jan 14, 2022, 07:17","You may not like it, but if you are smart you will get out of this story because all the parameters say that the stock is going down :)",,
"Jan 14, 2022, 05:51",250 in februar!!,,
"Jan 13, 2022, 18:48",pc market not good in 2022.,,
"Jan 13, 2022, 18:47",after rebound 290 still go. ,,
"Jan 12, 2022, 12:11","you think the earnings will beat?, i dont. so prepare for 250.",,
"Jan 12, 2022, 09:19",i am right. happy to earn in the futures market.,,
"Jan 11, 2022, 09:58",So cool. Nasdaq strong buy .,,
"Jan 11, 2022, 09:50",315-320 first.,,
"Jan 11, 2022, 09:25",strong rebound. ,,
"Jan 11, 2022, 04:00",305,,
"Jan 11, 2022, 01:04",310 today,,
"Jan 10, 2022, 23:14",Up trend from ,,
"Jan 09, 2022, 07:07",Bought msft at 239 eheh,,
"Jan 09, 2022, 06:04",This is down a lot lately. I don't want it going down on me. What's a good buy point ? When will fed/bonds not impact?,,
"Jan 08, 2022, 06:17",green ..............,,
"Jan 08, 2022, 05:14",Asians need to go to sleep. bye.,,
"Jan 08, 2022, 05:09",Best earning dont matter . we only trader.,,
"Jan 08, 2022, 04:58",MSFT will annouse the best earnings ever in its history u will see,,
"Jan 08, 2022, 04:48",OK. still down.,,
"Jan 08, 2022, 04:24",Buy deep and hold untill next week,,
"Jan 08, 2022, 04:00",buy deep。and wait to see.,,
"Jan 07, 2022, 22:10",🤣🤣🤣🤣,,
"Jan 07, 2022, 11:12","Don`t be scared, take a look at this GOD`s historical data",,
"Jan 07, 2022, 11:11",buy the dip,,
"Jan 07, 2022, 06:34",still go 290。,,
"Jan 07, 2022, 05:18",this looks bad everything recovering and msft almost red,,
"Jan 06, 2022, 23:19",308$,,
"Jan 06, 2022, 09:38",rebound for one or two day. ,,
"Jan 06, 2022, 03:50", ****,,
"Jan 05, 2022, 07:15",time to back up show me the power.........,,
"Jan 05, 2022, 07:06",320$ and then back to 350$,,
"Jan 05, 2022, 06:55",damn.correction start again?,,
"Jan 05, 2022, 06:28",ok long 327.9,,
"Jan 04, 2022, 16:44",What is it Doing??,,
"Jan 04, 2022, 04:48",go go 290,,
"Jan 04, 2022, 04:01",damn， I am right.,,
"Jan 01, 2022, 07:54",damn...scary,,
"Jan 01, 2022, 07:07",if green it will be happy new years present lol,,
"Jan 01, 2022, 06:47",oh my god,,
"Jan 01, 2022, 06:44",looks better...done for bottoming..fly lol....338,,
"Jan 01, 2022, 05:59",290 go.,,
"Jan 01, 2022, 05:42",long 336 it will bounve back,,
"Jan 01, 2022, 05:37",1 percent fown lol any bad news?apple still good shape,,
"Jan 01, 2022, 05:36",MSFT is falling down.,,
"Jan 01, 2022, 05:15",Run Run.,,
"Jan 01, 2022, 05:06",too much run so i guess profit taking happen,,
"Jan 01, 2022, 04:15",finally no more green huh? show me green,,
,,,
,,,
,,,
,,,
,,,
,,,
,,,
,,,
,,,
,,,
,,,
,,,
,,,
,,,
,,,
,,,
,,,
,,,
,,,
,,,
,,,
,,,
,,,
,,,
,,,
,,,
,,,
,,,
,,,
,,,
,,,
,,,
,,,
,,,
,,,
,,,
,,,
,,,
,,,
,,,
,,,
,,,
,,,
,,,
,,,
,,,
,,,
,,,
,,,
,,,
,,,
,,,
,,,
,,,
,,,
,,,
,,,
,,,
,,,
,,,
,,,
,,,
,,,
,,,
,,,
,,,
,,,
,,,
,,,
,,,
,,,
,,,
,,,
,,,
,,,
,,,
,,,
,,,
,,,
,,,
,,,
,,,
,,,
,,,
,,,
,,,
,,,
,,,
,,,
,,,
,,,
,,,
,,,
,,,
,,,
,,,
,,,
,,,
,,,
,,,
,,,
,,,
,,,
,,,
,,,
,,,
,,,
,,,
,,,
,,,
,,,
,,,
,,,
,,,
,,,
,,,
,,,
,,,
,,,
,,,
,,,
,,,
,,,
,,,
,,,
,,,
,,,
,,,
,,,
,,,
,,,
,,,
,,,
,,,
,,,
,,,
,,,
,,,
,,,
,,,
,,,
,,,
,,,
,,,
,,,
,,,
,,,
,,,
,,,
,,,
,,,
,,,
,,,
,,,
,,,
,,,
,,,
,,,
,,,
,,,
,,,
,,,
,,,
,,,
,,,
,,,
,,,
,,,
,,,
,,,
,,,
,,,
,,,
,,,
,,,
,,,
,,,
,,,
,,,
,,,
,,,
,,,
,,,
,,,
,,,
,,,
,,,
,,,
,,,
,,,
,,,
,,,
,,,
,,,
,,,
,,,
,,,
,,,
,,,
,,,
,,,
,,,
,,,
,,,
,,,
,,,
,,,
,,,
,,,
,,,
,,,
,,,
,,,
,,,
,,,
,,,
,,,
,,,
,,,
,,,
,,,
,,,
,,,
,,,
,,,
,,,
,,,
,,,
,,,
,,,
,,,
,,,
,,,
,,,
,,,
,,,
,,,
,,,
,,,
,,,
,,,
,,,
,,,
,,,
,,,
,,,
,,,
,,,
,,,
,,,
,,,
,,,
,,,
,,,
,,,
,,,
,,,
,,,
,,,
,,,
,,,
,,,
,,,
,,,
,,,
,,,
,,,
,,,
,,,
,,,
,,,
,,,
,,,
,,,
,,,
,,,
,,,
,,,
,,,
,,,
,,,
,,,
,,,
,,,
,,,
,,,
,,,
,,,
,,,
,,,
,,,
,,,
,,,
,,,
,,,
,,,
,,,
,,,
,,,
,,,
,,,
,,,
,,,
,,,
,,,
,,,
,,,
,,,
,,,
,,,
,,,
,,,
,,,
,,,
,,,
,,,
,,,
,,,
,,,
,,,
,,,
,,,
,,,
,,,
,,,
,,,
,,,
,,,
,,,
,,,
,,,
,,,
,,,
,,,
,,,
,,,
,,,
,,,
,,,
,,,
,,,
,,,
,,,
,,,
,,,
,,,
,,,
,,,
,,,
,,,
,,,
,,,
,,,
,,,
,,,
,,,
,,,
,,,
,,,
,,,
,,,
,,,
,,,
,,,
,,,
,,,
,,,
,,,
,,,
,,,
,,,
,,,
,,,
,,,
,,,
,,,
,,,
,,,
,,,
,,,
,,,
,,,
,,,
,,,
,,,
,,,
,,,
,,,
,,,
,,,
,,,
,,,
,,,
,,,
,,,
,,,
,,,
,,,
,,,
,,,
,,,
,,,
,,,
,,,
,,,
,,,
,,,
,,,
,,,
,,,
,,,
,,,
,,,
,,,
,,,
,,,
,,,
,,,
,,,
,,,
,,,
,,,
,,,
,,,
,,,
,,,
,,,
,,,
,,,
,,,
,,,
,,,
,,,
,,,
,,,
,,,
,,,
,,,
,,,
,,,
,,,
,,,
,,,
,,,
,,,
,,,
,,,
,,,
,,,
,,,
,,,
,,,
,,,
,,,
,,,
,,,
,,,
,,,
,,,
,,,
,,,
,,,
,,,
,,,
,,,
,,,
,,,
,,,
,,,
,,,
,,,
,,,
,,,
,,,
,,,
,,,
,,,
,,,
,,,
,,,
,,,
,,,
,,,
,,,
,,,
,,,
,,,
,,,
,,,
,,,
,,,
,,,
,,,
,,,
,,,
,,,
,,,
,,,
,,,
,,,
,,,
,,,
,,,
,,,
,,,
,,,
,,,
,,,
,,,
,,,
,,,
,,,
,,,
,,,
,,,
,,,
,,,
,,,
,,,
,,,
,,,
,,,
,,,
,,,
,,,
,,,
,,,
,,,
,,,
,,,
,,,
,,,
,,,
,,,
,,,
,,,
,,,
,,,
,,,
,,,
,,,
,,,
,,,
,,,
,,,
,,,
,,,
,,,
,,,
,,,
,,,
,,,
,,,
,,,
,,,
,,,
,,,
,,,
,,,
,,,
,,,
,,,
,,,
,,,
,,,
,,,
,,,
,,,
,,,
,,,
,,,
,,,
,,,
,,,
,,,
,,,
,,,
,,,
,,,
,,,
,,,
,,,
,,,
,,,
,,,
,,,
,,,
,,,
,,,
,,,
,,,
,,,
,,,
,,,
,,,
,,,
,,,
,,,
,,,
,,,
,,,
,,,
,,,
,,,
,,,
,,,
,,,
,,,
,,,
,,,
,,,
,,,
,,,
,,,
,,,
,,,
,,,
,,,
,,,
,,,
,,,
,,,
,,,
,,,
,,,
,,,
,,,
,,,
,,,
,,,
,,,
,,,
,,,
,,,
,,,
,,,
,,,
,,,
,,,
,,,
,,,
,,,
,,,
,,,
,,,
,,,
,,,
,,,
,,,
,,,
,,,
,,,
,,,
,,,
,,,
,,,
,,,
,,,
,,,
,,,
,,,
,,,
,,,
,,,
,,,